Part Number,Product Name
216 SWOT-BBB,Prosport Electrical Gauge Set 52mm Black Rim & Bla
AND SHIFT-2,Quicksilver Shifter
BEU-404-000.R12.-1,Air Flow Speed 3 32 Pass 4 Way Aluminium Coil
BLK2804STDSJ,Engine Block, 283, 2 Bolt Main, Std
BLK3504STDSJ,Engine Block, 350, 4 Bolt Main, Std
BLK4002BLT040FB,Engine Block 400, 2 Bolt Main, 040, Fresh Bore
BLK4004BLT030STDSJ,Engine Block, 400,4 bolt Main,030
BLK460030,Engine Block, Ford 460, 030. Block Only
BRG-014949,Borgeson Universal Steering U-Joints
BRG-114925,Borgeson Universal Steering U-Joints
FT1502/10,Smoothie Classic Steel Wheel 15 x 10 ETO
KD2020,K&N Apollo Closed Air Intake System Universal
KD6078,Kyostar Magnetic Oil Drain Plug
L817,GM Chevy Hyd Flat Follower Lifter, EA
L900,Lifters (Ford)
M011,Coyote Pulley Set
M192704455679,4 Steering Tie Rod Ends 1964-69 Plymouth Barracuda
MM6GSETESPR-CG-GPS,6 Gauge Set Classic, Red Dial with White Needle
MMR-09051,Mastodon Air Cleaner Spacers 2″ Silver
MMR-09052,Mastodon Air Cleaner Spacers 1 ” Aluminium
MMR-11214,Mastodon Valve Cover Hold Downs Minitab 1-1/2″ 12PC
MMR-25128,Mastodon Transmission Band, 4L60E, 4L65E
MMR-31068,Mastodon Column Mounted Blinker Turn Signal Switch For Gm P
MMR-5040-BK,Mastodon Aluminum Billet Fuel Cell Cap, Black
MMR-5040-SR,Mastodon Aluminum Billet Fuel Cell Cap, Silver
MMR-58089,Mastodon Valve Cover Gaskets Rubber w/ Steel Shim Core
MMR-75013,Mastodon Chevy LS Low Profile Oil Pan – Black
MMR-75073,Mastodon Ford Windsor Oil Pan
MMR-8513P,Mastodon Steering Column
MMR-8591,Mastodon Short Shift Gear Lever Kit
MMR-PF9-3.00,Mastodon Ring & Pinion Set, Ford 9 Inch, 3.00
MMR-PF9-3.50,Mastodon Ring & Pinion Set, Ford 9 Inch, 3.50
MMR-PF9-3.70,Mastodon Ring & Pinion Set, Ford 9 Inch, 3.70
MMR-PRAUD,Mastodon Under Dash, 90 Deg, Brake Master / Booste
MMSMTA-24FT,RPM Signal Filter 24
NO.94,Prosport Universal Fuel Tank Float
PSM6GCC-RW,Prosport Mechanical Gauge Set 52mm Red Face & Chro
SSSH0003,Edelbrock Weber 4 Bar BBL Carb
WA6037B(C),Prosport Performance Water Temperature Gauge, 60mm
Z-8939B,Zeus Clips
