from,to
/product/anchor-gmc-chevy-transmission-mount/,/products/anchor-gmc-chevy-transmission-mount
/product/anchor-industries-enginemounts-ford-289-302-351/,/products/anchor-industries-enginemounts-ford-289-302-351
/product/ap-racing-4-pot-piston-disc-brake-kit-black/,/products/ap-racing-4-pot-piston-disc-brake-kit-black
/product/ap-racing-4-pot-piston-disc-brake-kit-red/,/products/ap-racing-4-pot-piston-disc-brake-kit-red
/product/high-performance-4-pot-discs-set/,/products/high-performance-4-pot-discs-set
/product/high-performance-6-pot-discs/,/products/high-performance-6-pot-discs
/product/arp-bellhousing-bolt-kits/,/products/arp-bellhousing-bolt-kits
/product/arp-damper-harmonic-balancer-bolt-kit-sbc/,/products/arp-damper-harmonic-balancer-bolt-kit-sbc
/product/arp-high-performance-series-cylinder-head-bolt-kit/,/products/arp-high-performance-series-cylinder-head-bolt-kit
/product/arp-high-performance-series-connecting-rod-bolt-ki/,/products/arp-high-performance-series-connecting-rod-bolt-ki
/product/arp-high-performance-series-cylinder-head-bolt-kit-2/,/products/arp-high-performance-series-cylinder-head-bolt-kit-2
/product/arp-high-performance-series-connecting-rod-bolts-sbc/,/products/arp-high-performance-series-connecting-rod-bolts-sbc
/product/arp-bellhousing-bolt-kits-2/,/products/arp-bellhousing-bolt-kits-2
/product/arp-sbc/,/products/arp-sbc
/product/arp-balancer-bolts/,/products/arp-balancer-bolts
/product/arp-connecting-rod-bolt-kits/,/products/arp-connecting-rod-bolt-kits
/product/arp-high-performance-flexplate-bolt-kit/,/products/arp-high-performance-flexplate-bolt-kit
/product/comp-cams-pushrods-chromoly-heat-treated-5-16-i/,/products/comp-cams-pushrods-chromoly-heat-treated-5-16-i
/product/comp-cams-magnum-pushrods/,/products/comp-cams-magnum-pushrods
/product/comp-cams-high-energy-pushrods-high-energy-steel/,/products/comp-cams-high-energy-pushrods-high-energy-steel
/product/comp-cams-high-energy-pushrods-steel-heat-treated/,/products/comp-cams-high-energy-pushrods-steel-heat-treated
/product/comp-cams-high-energy-pushrods-steel-5-16-in-d/,/products/comp-cams-high-energy-pushrods-steel-5-16-in-d
/product/edelbrock-victor-series-racing-fuel-pump-sbf/,/products/edelbrock-victor-series-racing-fuel-pump-sbf
/product/edelbrock-performer-rpm-street-fuel-pump-sbc/,/products/edelbrock-performer-rpm-street-fuel-pump-sbc
/product/edelbrock-elite-series-valve-covers-ford/,/products/edelbrock-elite-series-valve-covers-ford
/product/edelbrock-signature-series-chrome-valve-covers-sbc/,/products/edelbrock-signature-series-chrome-valve-covers-sbc
/product/edelbrock-signature-series-chrome-valve-covers/,/products/edelbrock-signature-series-chrome-valve-covers
/product/edelbrock-signature-series-valve-covers-289-351-winsor/,/products/edelbrock-signature-series-valve-covers-289-351-winsor
/product/edelbrock-red-roller-rockers-sbf/,/products/edelbrock-red-roller-rockers-sbf
/product/edelbrock-gaskets-for-intake-manifold-pontiac-32/,/products/edelbrock-gaskets-for-intake-manifold-pontiac-32
/product/edelbrock-performer-crc-hemi-gen-i-valve-cover-gasket/,/products/edelbrock-performer-crc-hemi-gen-i-valve-cover-gasket
/product/edelbrock-performer-intake-manifold-big-block/,/products/edelbrock-performer-intake-manifold-big-block
/product/enginetech-351c-dish-top-pistons/,/products/enginetech-351c-dish-top-pistons
/product/enginetech-rod-bearing-chrysler-jeep-3-7l/,/products/enginetech-rod-bearing-chrysler-jeep-3-7l
/product/enginetech-chrysler-5-7l-main-bearing-standard/,/products/enginetech-chrysler-5-7l-main-bearing-standard
/product/enginetech-ford-351-windsor-main-bearings/,/products/enginetech-ford-351-windsor-main-bearings
/product/enginetech-ford-351-windsor-main-bearings-2/,/products/enginetech-ford-351-windsor-main-bearings-2
/product/enginetech-timing-set-ford-windsor-2-piece-seal/,/products/enginetech-timing-set-ford-windsor-2-piece-seal
/product/main-brng-ford-3-6l-221-4-2l-255-4-3l-260-4-7l-289/,/products/main-brng-ford-3-6l-221-4-2l-255-4-3l-260-4-7l-289
/product/main-bearing-ford-302/,/products/main-bearing-ford-302
/product/enginetech-oil-pump-pickup-screen-ford-289-302-windsor/,/products/enginetech-oil-pump-pickup-screen-ford-289-302-windsor
/product/enginetech-351c-pistons/,/products/enginetech-351c-pistons
/product/enginetech-351c-top-pistons/,/products/enginetech-351c-top-pistons
/product/enginetech-chrysler-5-7l-main-bearing-0-25mm/,/products/enginetech-chrysler-5-7l-main-bearing-0-25mm
/product/enginetech-ford-289-302-oil-pump/,/products/enginetech-ford-289-302-oil-pump
/product/enginetech-piston-ford-flat-top-4bbl-289-302-winds/,/products/enginetech-piston-ford-flat-top-4bbl-289-302-winds
/product/piston-ford-4-7l-289-5-0l-302-flat-top-4bbl/,/products/piston-ford-4-7l-289-5-0l-302-flat-top-4bbl
/product/enginetech-piston-ford-flat-top-4bbl-289-302-winds-2/,/products/enginetech-piston-ford-flat-top-4bbl-289-302-winds-2
/product/enginetech-piston-ford-351-windsor/,/products/enginetech-piston-ford-351-windsor
/product/enginetech-piston-ford-351-windsor-2/,/products/enginetech-piston-ford-351-windsor-2
/product/enginetech-piston-ford-flat-top-4bbl-289-302-winds-3/,/products/enginetech-piston-ford-flat-top-4bbl-289-302-winds-3
/product/enginetech-main-bearings-351-windsor/,/products/enginetech-main-bearings-351-windsor
/product/enginetech-oil-pump-ford-351-cleveland/,/products/enginetech-oil-pump-ford-351-cleveland
/product/enginetech-piston-ford-flat-top-4bbl-289-302-winds-4/,/products/enginetech-piston-ford-flat-top-4bbl-289-302-winds-4
/product/enginetech-piston-ford-flat-top-4bbl-289-302-winds-5/,/products/enginetech-piston-ford-flat-top-4bbl-289-302-winds-5
/product/enginetech-piston-ford-flat-top-4bbl-289-302-winds-6/,/products/enginetech-piston-ford-flat-top-4bbl-289-302-winds-6
/product/enginetech-sbc-flat-top-pistons/,/products/enginetech-sbc-flat-top-pistons
/product/enginetech-piston-gm-chevy-flat-top-5-7l-350-0-020/,/products/enginetech-piston-gm-chevy-flat-top-5-7l-350-0-020
/product/piston-gm-chevy-5-7l-350-flat-top/,/products/piston-gm-chevy-5-7l-350-flat-top
/product/enginetech-ford-289302-windsor-rod-bearing-standa/,/products/enginetech-ford-289302-windsor-rod-bearing-standa
/product/enginetech-ford-351-windsor-main-bearings-3/,/products/enginetech-ford-351-windsor-main-bearings-3
/product/enginetech-oil-pan-gasket-gm-chev-5-7l-350-umb-vss/,/products/enginetech-oil-pan-gasket-gm-chev-5-7l-350-umb-vss
/product/enginetech-ford-engine-oil-pump-high-volume/,/products/enginetech-ford-engine-oil-pump-high-volume
/product/enginetech-gasket-set-351w/,/products/enginetech-gasket-set-351w
/product/enginetech-windsor-expansion-plug-kit/,/products/enginetech-windsor-expansion-plug-kit
/product/enginetech-timing-set-ford-302-windsor/,/products/enginetech-timing-set-ford-302-windsor
/product/rod-bearings-ford-5-8l-351/,/products/rod-bearings-ford-5-8l-351
/product/enginetech-pistons-ford-351-windsor/,/products/enginetech-pistons-ford-351-windsor
/product/enginetech-chevy-350-flat-top-piston-set-0-040inch/,/products/enginetech-chevy-350-flat-top-piston-set-0-040inch
/product/enginetech-ford-289302-windsor-rod-bearing-0-10mm/,/products/enginetech-ford-289302-windsor-rod-bearing-0-10mm
/product/enginetech-sbc-main-bearing-large-journal-0-10mm/,/products/enginetech-sbc-main-bearing-large-journal-0-10mm
/product/enginetech-piston-ring-set-4-inch-bore-standard/,/products/enginetech-piston-ring-set-4-inch-bore-standard
/product/gasket-ford-4-3l-260-4-7l-289-5-0l-302-oe-umb-vss/,/products/gasket-ford-4-3l-260-4-7l-289-5-0l-302-oe-umb-vss
/product/enginetech-chevy-350-flat-top-engine-piston-set-0-0/,/products/enginetech-chevy-350-flat-top-engine-piston-set-0-0
/product/enginetech-rod-bearing-gm-chevy-small-block-large-j/,/products/enginetech-rod-bearing-gm-chevy-small-block-large-j
/product/enginetech-ford-351-cleveland-rod-bearing-0-20mm/,/products/enginetech-ford-351-cleveland-rod-bearing-0-20mm
/product/enginetech-ford-351-cleveland-rod-bearing-0-30mm/,/products/enginetech-ford-351-cleveland-rod-bearing-0-30mm
/product/enginetech-ford-windsor-cam-bearing/,/products/enginetech-ford-windsor-cam-bearing
/product/enginetech-sbc-rod-bearing-set-0-10mm/,/products/enginetech-sbc-rod-bearing-set-0-10mm
/product/enginetech-4-inch-bore-rings-for-amc-chrysler-4-03/,/products/enginetech-4-inch-bore-rings-for-amc-chrysler-4-03
/product/enginetech-ford-289302-windsor-rod-bearing-set-0/,/products/enginetech-ford-289302-windsor-rod-bearing-set-0
/product/enginetech-sbc-rod-bearing-large-journal-0-30mm/,/products/enginetech-sbc-rod-bearing-large-journal-0-30mm
/product/enginetech-big-end-bearing-351-windsor/,/products/enginetech-big-end-bearing-351-windsor
/product/main-bearing-ford-5-8l-351-cleveland/,/products/main-bearing-ford-5-8l-351-cleveland
/product/enginetech-ford-351-cleveland-main-bearing-0-30mm/,/products/enginetech-ford-351-cleveland-main-bearing-0-30mm
/product/enginetech-sbc-main-bearing-large-journal-0-40mm/,/products/enginetech-sbc-main-bearing-large-journal-0-40mm
/product/enginetech-oil-pump-351-windsor/,/products/enginetech-oil-pump-351-windsor
/product/enginetech-ford-351-cleveland-oil-pump-shaft/,/products/enginetech-ford-351-cleveland-oil-pump-shaft
/product/enginetech-sbc-rod-bearing-large-journal-0-20mm/,/products/enginetech-sbc-rod-bearing-large-journal-0-20mm
/product/enginetech-4-inch-bore-rings-for-amc-chrysler-4-06/,/products/enginetech-4-inch-bore-rings-for-amc-chrysler-4-06
/product/enginetech-oil-pump-pickup-screen-gm-sbc/,/products/enginetech-oil-pump-pickup-screen-gm-sbc
/product/enginetech-timing-set-ford-351-cleveland/,/products/enginetech-timing-set-ford-351-cleveland
/product/enginetech-ford-289382-windsor-rod-bearing-set-0/,/products/enginetech-ford-289382-windsor-rod-bearing-set-0
/product/enginetech-sbc-rod-bearing-set-0-40mm/,/products/enginetech-sbc-rod-bearing-set-0-40mm
/product/enginetech-big-end-bearing-351-windsor-2/,/products/enginetech-big-end-bearing-351-windsor-2
/product/enginetech-big-end-bearing-351-windsor-3/,/products/enginetech-big-end-bearing-351-windsor-3
/product/enginetech-ford-289302-windsor-main-bearing-0-20m/,/products/enginetech-ford-289302-windsor-main-bearing-0-20m
/product/enginetech-ford-289302-windsor-main-bearing-0-30m/,/products/enginetech-ford-289302-windsor-main-bearing-0-30m
/product/enginetech-main-bearing-gm-chevy-small-block-large/,/products/enginetech-main-bearing-gm-chevy-small-block-large
/product/enginetech-ford-351-windsor-main-bearings-4/,/products/enginetech-ford-351-windsor-main-bearings-4
/product/enginetech-camshaft-bearing-351-cleveland/,/products/enginetech-camshaft-bearing-351-cleveland
/product/enginetech-main-bearing-gm-chevy/,/products/enginetech-main-bearing-gm-chevy
/product/tim-set-gm-chevy-283-305-327-350-383-400-dbl-rl-3-k/,/products/tim-set-gm-chevy-283-305-327-350-383-400-dbl-rl-3-k
/product/enginetech-ford-289302-windsor-rod-bearing-0-40mm/,/products/enginetech-ford-289302-windsor-rod-bearing-0-40mm
/product/enginetech-ford-289302-windsor-main-bearing-0-40m/,/products/enginetech-ford-289302-windsor-main-bearing-0-40m
/product/enginetech-ford-351c-main-bearing-standard/,/products/enginetech-ford-351c-main-bearing-standard
/product/enginetech-4-inch-bore-piston-rings-for-amc-chrysler/,/products/enginetech-4-inch-bore-piston-rings-for-amc-chrysler
/product/rod-brng-ford-5-8l-351-windsor/,/products/rod-brng-ford-5-8l-351-windsor
/product/enginetech-ford-351-cleveland-rod-bearing-0-10mm/,/products/enginetech-ford-351-cleveland-rod-bearing-0-10mm
/product/enginetech-big-end-bearing-351-windsor-4/,/products/enginetech-big-end-bearing-351-windsor-4
/product/enginetech-main-bearing-chevy-small-block-large-jou/,/products/enginetech-main-bearing-chevy-small-block-large-jou
/product/gasket-gm-chevy/,/products/gasket-gm-chevy
/product/cam-bearing-chevy/,/products/cam-bearing-chevy
/product/enginetech-cleveland-plug-kit/,/products/enginetech-cleveland-plug-kit
/product/enginetech-ford-rear-main-seal/,/products/enginetech-ford-rear-main-seal
/product/enginetech-4-inch-bore-rings-for-amc-chrysler-4-02/,/products/enginetech-4-inch-bore-rings-for-amc-chrysler-4-02
/product/fel-pro-performance-intake-manifold-gasket-sets/,/products/fel-pro-performance-intake-manifold-gasket-sets
/product/fel-pro-performance-carb-4-hole-gaskets/,/products/fel-pro-performance-carb-4-hole-gaskets
/product/fel-pro-6-cylinder-gmc-oil-pan-gasket/,/products/fel-pro-6-cylinder-gmc-oil-pan-gasket
/product/fel-pro-valve-cover-gasket-bbc/,/products/fel-pro-valve-cover-gasket-bbc
/product/valve-cover-gaskets-for-hemi-gen-ii-set/,/products/valve-cover-gaskets-for-hemi-gen-ii-set
/product/ford-windsor-racing-stamped-steel-valve-covers-sa/,/products/ford-windsor-racing-stamped-steel-valve-covers-sa
/product/ford-racing-slant-edge-valve-covers-black-crinkle/,/products/ford-racing-slant-edge-valve-covers-black-crinkle
/product/holley-single-stage-valve-std/,/products/holley-single-stage-valve-std
/product/holley-needle-steel-seat-size-0-150-adjustable/,/products/holley-needle-steel-seat-size-0-150-adjustable
/product/holley-gm-ls-dipstick-and-tube-kit/,/products/holley-gm-ls-dipstick-and-tube-kit
/product/holley-performance-vacuum-cap-assortment/,/products/holley-performance-vacuum-cap-assortment
/product/hurst-pistol-grip-quarter-stick-shifter-c4-c6/,/products/hurst-pistol-grip-quarter-stick-shifter-c4-c6
/product/lokar-midnight-series-parking-brake-handle-boots/,/products/lokar-midnight-series-parking-brake-handle-boots
/product/lokar-hi-tech-chevy-carburetor-th350-automatic-kickdown/,/products/lokar-hi-tech-chevy-carburetor-th350-automatic-kickdown
/product/lokar-hi-tech-chevy-carburetor-th400-automatic/,/products/lokar-hi-tech-chevy-carburetor-th400-automatic
/product/lokar-hi-tech-ford-carburetor-c6-automatic-kickdown/,/products/lokar-hi-tech-ford-carburetor-c6-automatic-kickdown
/product/lokar-hi-tech-kickdown-kit-chrysler-carburetor-torqueflite-727/,/products/lokar-hi-tech-kickdown-kit-chrysler-carburetor-torqueflite-727
/product/mahle-bbc-sump-gasket/,/products/mahle-bbc-sump-gasket
/product/mallory-rotor-screw-down-cap-sbc/,/products/mallory-rotor-screw-down-cap-sbc
/product/mastodon-racing-mini-starter-sb-bb-chevy/,/products/mastodon-racing-mini-starter-sb-bb-chevy
/product/mastodon-600cfm-carburetor-holley-style/,/products/mastodon-600cfm-carburetor-holley-style
/product/mastodon-chevy-ls-8mm-135-degree-plug-boots-black/,/products/mastodon-chevy-ls-8mm-135-degree-plug-boots-black
/product/mastodon-chevy-ls-adaptercathedral-port-to-rectangular/,/products/mastodon-chevy-ls-adaptercathedral-port-to-rectangular
/product/mastodon-ls-rocker-arms-trunnion-kit-for-chevy/,/products/mastodon-ls-rocker-arms-trunnion-kit-for-chevy
/product/mastodon-chevy-engine-mounting-black-polyurethane-3-bolt/,/products/mastodon-chevy-engine-mounting-black-polyurethane-3-bolt
/product/mastodon-radiator-coolant-water-tank/,/products/mastodon-radiator-coolant-water-tank
/product/mastodon-short-shift-gear-lever-kit/,/products/mastodon-short-shift-gear-lever-kit
/product/mastodon-block-hugger-headersford-windsor-289-351/,/products/mastodon-block-hugger-headersford-windsor-289-351
/product/mastodon-7inch-led-headlight-black/,/products/mastodon-7inch-led-headlight-black
/product/mastodon-chrome-7-inch-led-headlight/,/products/mastodon-chrome-7-inch-led-headlight
/product/mastodon-corvette-tach-circuit-board-80-82-green/,/products/mastodon-corvette-tach-circuit-board-80-82-green
/product/mastodon-carb-air-scoop/,/products/mastodon-carb-air-scoop
/product/mastodon-pro-series-sbc-cylinder-heads-195cc-intake-pair/,/products/mastodon-pro-series-sbc-cylinder-heads-195cc-intake-pair
/product/mastodon-chevy-ls-starter-12v-9t-10mt-chevrolet/,/products/mastodon-chevy-ls-starter-12v-9t-10mt-chevrolet
/product/mastodon-sbc-pulley-kit-d/,/products/mastodon-sbc-pulley-kit-d
/product/mastodon-throttle-body-gm-ls-92mm-for-lsxr-intake/,/products/mastodon-throttle-body-gm-ls-92mm-for-lsxr-intake
/product/mastodon-aluminum-billet-drive-by-wire-throttle-body/,/products/mastodon-aluminum-billet-drive-by-wire-throttle-body
/product/ls-v8-aluminum-high-performance-intake-manifold/,/products/ls-v8-aluminum-high-performance-intake-manifold
/product/mastodon-racing-radiator-cap/,/products/mastodon-racing-radiator-cap
/product/mastodon-quick-release-kit-hood-pin-pattern/,/products/mastodon-quick-release-kit-hood-pin-pattern
/product/mastodon-bbc-valve-cover-cork-gasket/,/products/mastodon-bbc-valve-cover-cork-gasket
/product/mastodon-rpm-air-gap-intake-manifold-ford-351c/,/products/mastodon-rpm-air-gap-intake-manifold-ford-351c
/product/mastodon-0-25mm-oversized-jeep-3-6-main-bearing/,/products/mastodon-0-25mm-oversized-jeep-3-6-main-bearing
/product/mastodon-c6-transmission-filter/,/products/mastodon-c6-transmission-filter
/product/mastodon-2inch-stainless-steel-v-band-flange-clamp/,/products/mastodon-2inch-stainless-steel-v-band-flange-clamp
/product/mastodon-3-inch-stainless-steel-v-band-flange-clamp/,/products/mastodon-3-inch-stainless-steel-v-band-flange-clamp
/product/mastodon-sbc-80-85-oil-pan-gasket-1-piece-rubber/,/products/mastodon-sbc-80-85-oil-pan-gasket-1-piece-rubber
/product/mastodon-carburetor-spacer-4-bbl-2-ported-pheno/,/products/mastodon-carburetor-spacer-4-bbl-2-ported-pheno
/product/mastodon-main-bearing-set-mopar-5-7l-hemi/,/products/mastodon-main-bearing-set-mopar-5-7l-hemi
/product/mastodon-c6-transmission-pan-chrome/,/products/mastodon-c6-transmission-pan-chrome
/product/mastodon-sbc-thermostat/,/products/mastodon-sbc-thermostat
/product/mastodon-stainless-engine-bolt-kit-set/,/products/mastodon-stainless-engine-bolt-kit-set
/product/mastodon-air-cleaner-oval-half-finned-polished-al/,/products/mastodon-air-cleaner-oval-half-finned-polished-al
/product/mastodon-exhaust-flame-thrower-kit/,/products/mastodon-exhaust-flame-thrower-kit
/product/mastodon-fender-washer-neochrome/,/products/mastodon-fender-washer-neochrome
/product/mastodon-ls-engine-36-stainless-braided-throttle-cable/,/products/mastodon-ls-engine-36-stainless-braided-throttle-cable
/product/mastodon-sbc-180cc-cylinder-head-assembled/,/products/mastodon-sbc-180cc-cylinder-head-assembled
/product/mastodon-gm-automatic-shifter-pro-ratchet-aluminum/,/products/mastodon-gm-automatic-shifter-pro-ratchet-aluminum
/product/mastodon-aluminium-radiator-3-row-ford-30/,/products/mastodon-aluminium-radiator-3-row-ford-30
/product/mastodon-pilot-bushings/,/products/mastodon-pilot-bushings
/product/mastodon-ford-hei-351c/,/products/mastodon-ford-hei-351c
/product/mastodon-c4-transmission-gasket-sbf-cork/,/products/mastodon-c4-transmission-gasket-sbf-cork
/product/mastodon-alternator-bracket-lwp-small-block-chevy/,/products/mastodon-alternator-bracket-lwp-small-block-chevy
/product/mastodon-header-gasket-for-58-78-big-block-chrysler/,/products/mastodon-header-gasket-for-58-78-big-block-chrysler
/product/mastodon-aluminium-hood-hinges-1971-1973-mustang/,/products/mastodon-aluminium-hood-hinges-1971-1973-mustang
/product/mastodon-steering-coupler-rag-joint-power-manual/,/products/mastodon-steering-coupler-rag-joint-power-manual
/product/mastodon-alternator-bracket/,/products/mastodon-alternator-bracket
/product/mastodon-aluminum-radiator-coolant-water-tank-2l/,/products/mastodon-aluminum-radiator-coolant-water-tank-2l
/product/mastodon-valve-covers-tall-aluminium-satin-black-ls/,/products/mastodon-valve-covers-tall-aluminium-satin-black-ls
/product/mastodon-universal-window-handles-3-inch-chrome/,/products/mastodon-universal-window-handles-3-inch-chrome
/product/mastodon-ls3-15-degree-bare-cylinder-head/,/products/mastodon-ls3-15-degree-bare-cylinder-head
/product/mastodon-exhaust-cut-out-stainless-steel-304-2-5/,/products/mastodon-exhaust-cut-out-stainless-steel-304-2-5
/product/mastodon-hood-hinge-67-72-chevy-truck/,/products/mastodon-hood-hinge-67-72-chevy-truck
/product/mastodon-hood-hinge-73-79-ford-truck/,/products/mastodon-hood-hinge-73-79-ford-truck
/product/mastodon-7-inch-led-headlight-white-amber-halo-chro/,/products/mastodon-7-inch-led-headlight-white-amber-halo-chro
/product/mastodon-led-turning-light-with-angel-eye/,/products/mastodon-led-turning-light-with-angel-eye
/product/mastodon-gm-ls-alternator/,/products/mastodon-gm-ls-alternator
/product/mastodon-power-window-kit-2-door/,/products/mastodon-power-window-kit-2-door
/product/mastodon-accessory-brackets-gm-small-block-saginaw-adj/,/products/mastodon-accessory-brackets-gm-small-block-saginaw-adj
/product/mastodon-9-ford-ring-pinion-4-11-gear-ratio-set/,/products/mastodon-9-ford-ring-pinion-4-11-gear-ratio-set
/product/mastodon-9-28-spline-limited-slip-carrier/,/products/mastodon-9-28-spline-limited-slip-carrier
/product/mastodon-universal-steel-battery-tray-holder/,/products/mastodon-universal-steel-battery-tray-holder
/product/mastodon-oil-cooler-mounting-bracket/,/products/mastodon-oil-cooler-mounting-bracket
/product/mastodon-electrical-efi-fuel-pump-4-bar-silver/,/products/mastodon-electrical-efi-fuel-pump-4-bar-silver
/product/mastodon-coilovers-set-for-lumina/,/products/mastodon-coilovers-set-for-lumina
/product/mastodon-casting-valve-covers-for-sb-ford-289-302-polished/,/products/mastodon-casting-valve-covers-for-sb-ford-289-302-polished
/product/mastodon-intake-manifold-dual-plane-alum-sbf-351/,/products/mastodon-intake-manifold-dual-plane-alum-sbf-351
/product/mastodon-fan-controller-kit/,/products/mastodon-fan-controller-kit
/product/mastodon-sbc-2-piece-rear-main-gasket-set/,/products/mastodon-sbc-2-piece-rear-main-gasket-set
/product/mastodon-disc-brake-rotor-ventilated-drilled-slotted/,/products/mastodon-disc-brake-rotor-ventilated-drilled-slotted
/product/mastodon-aluminum-billet-fuel-cell-cap-silver/,/products/mastodon-aluminum-billet-fuel-cell-cap-silver
/product/mastodon-aluminum-billet-fuel-cell-cap-black/,/products/mastodon-aluminum-billet-fuel-cell-cap-black
/product/tf8fmxc6-extension-housing-seal/,/products/tf8fmxc6-extension-housing-seal
/product/mastodon-intake-manifold-bbc-with-oval-ports/,/products/mastodon-intake-manifold-bbc-with-oval-ports
/product/mastodon-th400-4l80e-extension-housing-oil-seal-large-od-pre/,/products/mastodon-th400-4l80e-extension-housing-oil-seal-large-od-pre
/product/mastodon-steering-column-floor-mount-2-diameter/,/products/mastodon-steering-column-floor-mount-2-diameter
/product/mastodon-tall-alum-finned-valve-cover-1958-86-sbc-w-hole/,/products/mastodon-tall-alum-finned-valve-cover-1958-86-sbc-w-hole
/product/mastodon-h-groove-lock-and-key-set-for-camaro-che/,/products/mastodon-h-groove-lock-and-key-set-for-camaro-che
/product/mastodon-oil-breather-cap-twist-on-chrome/,/products/mastodon-oil-breather-cap-twist-on-chrome
/product/mastodon-air-cleaner-filter-element-14x3-blue/,/products/mastodon-air-cleaner-filter-element-14x3-blue
/product/power-steering-bracket-universal/,/products/power-steering-bracket-universal
/product/mastodon-hood-hinge-1971-1973-mustang-billet-alu/,/products/mastodon-hood-hinge-1971-1973-mustang-billet-alu
/product/mastodon-steering-u-joint-coupler-3-4-36-spline-x/,/products/mastodon-steering-u-joint-coupler-3-4-36-spline-x
/product/mastodon-alternator-bracket-2/,/products/mastodon-alternator-bracket-2
/product/mastodon-2-1-4-inch-finned-transmission-oil-pan-th350/,/products/mastodon-2-1-4-inch-finned-transmission-oil-pan-th350
/product/mastodon-universal-fuel-log-8-20-9-16-20-black-a/,/products/mastodon-universal-fuel-log-8-20-9-16-20-black-a
/product/14-billet-black-spoke-steering-wheel-9-hole-mastodon/,/products/14-billet-black-spoke-steering-wheel-9-hole-mastodon
/product/mastodon-gm-powerglide-gasket-cork/,/products/mastodon-gm-powerglide-gasket-cork
/product/mastodon-th400-sump-gasket-black-rubber/,/products/mastodon-th400-sump-gasket-black-rubber
/product/mastodon-manual-brake-pedal/,/products/mastodon-manual-brake-pedal
/product/mastodon-steering-column-floor-mount/,/products/mastodon-steering-column-floor-mount
/product/mastodon-sbf-185-cylinder-head-ass/,/products/mastodon-sbf-185-cylinder-head-ass
/product/mastodon-electric-power-steering-volvo-c30-s40-v50/,/products/mastodon-electric-power-steering-volvo-c30-s40-v50
/product/mastodon-starter-12v-9t-ford-f100-f250-usa-short-nose/,/products/mastodon-starter-12v-9t-ford-f100-f250-usa-short-nose
/product/mastodon-champion-radiator-upper-outlet-left-35-lo/,/products/mastodon-champion-radiator-upper-outlet-left-35-lo
/product/mastodon-throttle-body-92mm-black/,/products/mastodon-throttle-body-92mm-black
/product/mastodon-bbc-chevy-valve-covers/,/products/mastodon-bbc-chevy-valve-covers
/product/mastodon-hardened-steel-pushrods-sbc/,/products/mastodon-hardened-steel-pushrods-sbc
/product/mastodon-th350-gm-filler-tube-top-hat-seal/,/products/mastodon-th350-gm-filler-tube-top-hat-seal
/product/mastodon-fuel-filter-3-8inlet-outlet/,/products/mastodon-fuel-filter-3-8inlet-outlet
/product/mastodon-t-style-billet-steering-wheel-14x2-black-leather/,/products/mastodon-t-style-billet-steering-wheel-14x2-black-leather
/product/mastodon-aluminum-radiator-coolant-water-tank/,/products/mastodon-aluminum-radiator-coolant-water-tank
/product/mastodon-chevy-hood-stopper/,/products/mastodon-chevy-hood-stopper
/product/mastodon-sbf-windsor-fuel-pump-block-off-plate/,/products/mastodon-sbf-windsor-fuel-pump-block-off-plate
/product/mastodon-billet-trunk-hinges-fits-1967-1969-camaro/,/products/mastodon-billet-trunk-hinges-fits-1967-1969-camaro
/product/mastodon-c6-sump-gasket-cork-ford-transmission-cor/,/products/mastodon-c6-sump-gasket-cork-ford-transmission-cor
/product/transmission-cooler-dual-pass-finned-mastodon/,/products/transmission-cooler-dual-pass-finned-mastodon
/product/mastodon-transmission-cooler-dual-pass-finned/,/products/mastodon-transmission-cooler-dual-pass-finned
/product/mastodon-air-cleaner-super-flow-with-raised-top/,/products/mastodon-air-cleaner-super-flow-with-raised-top
/product/mastodon-battery-hold-down-mount-billet/,/products/mastodon-battery-hold-down-mount-billet
/product/sbc-3-groove-pulley-lwp-aluminium-mastodon/,/products/sbc-3-groove-pulley-lwp-aluminium-mastodon
/product/mastodon-high-heat-spark-plug-wires-set/,/products/mastodon-high-heat-spark-plug-wires-set
/product/mastodon-spark-plug-wire-set/,/products/mastodon-spark-plug-wire-set
/product/mastodon-header-gasket-for-65-90-big-block-chevy-3/,/products/mastodon-header-gasket-for-65-90-big-block-chevy-3
/product/mastodon-header-gasket-for-75-91-small-block-chrysler/,/products/mastodon-header-gasket-for-75-91-small-block-chrysler
/product/mastodon-steering-shaft-u-joint-steering-shaft/,/products/mastodon-steering-shaft-u-joint-steering-shaft
/product/mastodon-steering-coupler-rag-joint-gm-manual-p/,/products/mastodon-steering-coupler-rag-joint-gm-manual-p
/product/mastodon-billet-steering-wheel-14-satin-spoke-9/,/products/mastodon-billet-steering-wheel-14-satin-spoke-9
/product/mastodon-intake-manifoldsbc-aluminum-black/,/products/mastodon-intake-manifoldsbc-aluminum-black
/product/mastodon-black-7-inch-led-headlight/,/products/mastodon-black-7-inch-led-headlight
/product/mastodon-full-flow-14round-air-filter-assem-kit-r/,/products/mastodon-full-flow-14round-air-filter-assem-kit-r
/product/mastodon-pedal-bracket-assembly-black/,/products/mastodon-pedal-bracket-assembly-black
/product/mastodon-starter-switch-column-ignition-starter-s/,/products/mastodon-starter-switch-column-ignition-starter-s
/product/mastodon-u-joint-9-16-26-x-3-4-dd/,/products/mastodon-u-joint-9-16-26-x-3-4-dd
/product/mastodon-header-gasket-bbf/,/products/mastodon-header-gasket-bbf
/product/mastodon-performer-intake-manifold-eps-sbcblock/,/products/mastodon-performer-intake-manifold-eps-sbcblock
/product/mastodon-sbf-ford-window-rubber-valve-cover-gasket/,/products/mastodon-sbf-ford-window-rubber-valve-cover-gasket
/product/mastodon-sbc-valve-cover-gasket-cork-rubber/,/products/mastodon-sbc-valve-cover-gasket-cork-rubber
/product/mastodon-intake-manifold-small-block-ford-302-v8-satin/,/products/mastodon-intake-manifold-small-block-ford-302-v8-satin
/product/mastodon-intake-manifold-dual-plane-sbc-alum/,/products/mastodon-intake-manifold-dual-plane-sbc-alum
/product/mastodon-timing-chain-set-hd-double-roller-sbc/,/products/mastodon-timing-chain-set-hd-double-roller-sbc
/product/ss-braided-flex-kickdown-transmission-cable-for-chrysler-904/,/products/ss-braided-flex-kickdown-transmission-cable-for-chrysler-904
/product/mastodon-billet-hood-hinges-64-66-mustang/,/products/mastodon-billet-hood-hinges-64-66-mustang
/product/mastodon-coil-mount-bracket-black/,/products/mastodon-coil-mount-bracket-black
/product/mastodon-coil-mount-bracket-chrome/,/products/mastodon-coil-mount-bracket-chrome
/product/mastodon-ls-vent-tube-bypass-seal-gasket-ls-swap/,/products/mastodon-ls-vent-tube-bypass-seal-gasket-ls-swap
/product/mastodon-steering-column-joint/,/products/mastodon-steering-column-joint
/product/round-3-4-steering-shaft-support-heim-joint-mastodon/,/products/round-3-4-steering-shaft-support-heim-joint-mastodon
/product/65000-volt-hei-distributor-ignition-coil-mastodon/,/products/65000-volt-hei-distributor-ignition-coil-mastodon
/product/mastodon-ford-sbf-fuel-pump/,/products/mastodon-ford-sbf-fuel-pump
/product/mastodon-mechanical-fuel-pump-6-psi-bbf-429-460/,/products/mastodon-mechanical-fuel-pump-6-psi-bbf-429-460
/product/mastodon-sbc-lower-triple-groove-pulley-for-long-w/,/products/mastodon-sbc-lower-triple-groove-pulley-for-long-w
/product/mastodon-intake-manifold-sbc-dual-plane-black/,/products/mastodon-intake-manifold-sbc-dual-plane-black
/product/mastodon-th400-sump-gasket-gm-trans-cork/,/products/mastodon-th400-sump-gasket-gm-trans-cork
/product/mastodon-transmission-band-4l60e-4l65e/,/products/mastodon-transmission-band-4l60e-4l65e
/product/mastodon-central-door-lock-kit-2-door/,/products/mastodon-central-door-lock-kit-2-door
/product/mastodon-trunk-opener-kit/,/products/mastodon-trunk-opener-kit
/product/mastodon-cooling-fan-mechanical-6-blades/,/products/mastodon-cooling-fan-mechanical-6-blades
/product/mastodon-throttle-body-spacer-adapter-92mm-blac/,/products/mastodon-throttle-body-spacer-adapter-92mm-blac
/product/mastodon-carburetor-carb-studs-kit-set-5-16-x-1/,/products/mastodon-carburetor-carb-studs-kit-set-5-16-x-1
/product/mastodon-5-16-carb-mounting-kit-sbc-sbf/,/products/mastodon-5-16-carb-mounting-kit-sbc-sbf
/product/mastodon-gm-hydroboost-repair-kit-2771004/,/products/mastodon-gm-hydroboost-repair-kit-2771004
/product/mastodon-water-neck-sbc-bbc/,/products/mastodon-water-neck-sbc-bbc
/product/mastodon-bbc-steel-core-rubber-valve-cover-gasket/,/products/mastodon-bbc-steel-core-rubber-valve-cover-gasket
/product/mastodon-fuel-tank-cap-black/,/products/mastodon-fuel-tank-cap-black
/product/mastodon-tail-housing-seal-th350-gearbox/,/products/mastodon-tail-housing-seal-th350-gearbox
/product/mastodon-sbc-bronze-dist-gear-500%c2%80%c2%9d/,/products/mastodon-sbc-bronze-dist-gear-500%c2%80%c2%9d
/product/mastodon-air-cleaner-element-filter-12x-2-oval-r/,/products/mastodon-air-cleaner-element-filter-12x-2-oval-r
/product/mastodon-chevy-th350-chrome-steel-dipstick-transmi/,/products/mastodon-chevy-th350-chrome-steel-dipstick-transmi
/product/mastodon-engine-oil-dipstick-flexible-ss/,/products/mastodon-engine-oil-dipstick-flexible-ss
/product/mastodon-c4-chrome-steel-transmission-dipstick/,/products/mastodon-c4-chrome-steel-transmission-dipstick
/product/mastodon-gm-th350-floor-mount-shifter-kit/,/products/mastodon-gm-th350-floor-mount-shifter-kit
/product/mastodon-sbc-hydraulic-roller-lifters-link-bar/,/products/mastodon-sbc-hydraulic-roller-lifters-link-bar
/product/mastodon-ignition-switch-panel-type-b-carbon-fibre/,/products/mastodon-ignition-switch-panel-type-b-carbon-fibre
/product/mastodon-chrome-low-mount-alternator-bracket-sbc/,/products/mastodon-chrome-low-mount-alternator-bracket-sbc
/product/mastodon-1-single-groove-upper-pulley/,/products/mastodon-1-single-groove-upper-pulley
/product/mastodon-high-performance-plug-wires-8mm-ceramic-180-deg/,/products/mastodon-high-performance-plug-wires-8mm-ceramic-180-deg
/product/mastodon-aluminium-hood-hinges-1970-1981-camaro/,/products/mastodon-aluminium-hood-hinges-1970-1981-camaro
/product/mastodon-transmission-mount-chevy-polyurethane/,/products/mastodon-transmission-mount-chevy-polyurethane
/product/mastodon-ignition-coil/,/products/mastodon-ignition-coil
/product/mastodon-2-5-reusable-copper-header-gaskets-sbc-bbc-pair/,/products/mastodon-2-5-reusable-copper-header-gaskets-sbc-bbc-pair
/product/mastodon-2-3-8-inch-finned-transmission-oil-pan-th400/,/products/mastodon-2-3-8-inch-finned-transmission-oil-pan-th400
/product/mastodon-sbc-short-water-pump-upper-pulley-double/,/products/mastodon-sbc-short-water-pump-upper-pulley-double
/product/mastodon-short-water-pump-sbc/,/products/mastodon-short-water-pump-sbc
/product/power-steering-pump-mounting-bracket-sbc-mastodon/,/products/power-steering-pump-mounting-bracket-sbc-mastodon
/product/mastodon-tail-light-and-side-fender-kit-73-79-ford-f150/,/products/mastodon-tail-light-and-side-fender-kit-73-79-ford-f150
/product/mastodon-u-joint-3-4-36-x-3-4-36/,/products/mastodon-u-joint-3-4-36-x-3-4-36
/product/mastodon-breather-pushin-round-chrome/,/products/mastodon-breather-pushin-round-chrome
/product/mastodon-valve-cover-breather-push-style/,/products/mastodon-valve-cover-breather-push-style
/product/mastodon-carburetor-carb-studs-kit-5-16-x-2/,/products/mastodon-carburetor-carb-studs-kit-5-16-x-2
/product/mastodon-ford-fe-steel-core-rubber-valve-cover-set/,/products/mastodon-ford-fe-steel-core-rubber-valve-cover-set
/product/mastodon-engine-oil-pan-gasket-chevy-ls-ls123/,/products/mastodon-engine-oil-pan-gasket-chevy-ls-ls123
/product/mastodon-ls2-6-0l-engine-gasket-set/,/products/mastodon-ls2-6-0l-engine-gasket-set
/product/mastodon-driver-side-aluminum-dipstick-58-79-sbc/,/products/mastodon-driver-side-aluminum-dipstick-58-79-sbc
/product/mastodon-intake-manifold-dual-plane-aluminumsbf/,/products/mastodon-intake-manifold-dual-plane-aluminumsbf
/product/mastodon-billet-hood-hinges-camaro-67-69/,/products/mastodon-billet-hood-hinges-camaro-67-69
/product/mastodon-intake-manifold-performer-eps/,/products/mastodon-intake-manifold-performer-eps
/product/mastodon-header-gasket-for-69-74-small-block-ford/,/products/mastodon-header-gasket-for-69-74-small-block-ford
/product/mastodon-ignition-coil-65k-volt/,/products/mastodon-ignition-coil-65k-volt
/product/mastodon-universal-adjustable-prop-valve/,/products/mastodon-universal-adjustable-prop-valve
/product/classic-14-billet-steering-wheel-classic-mastodon/,/products/classic-14-billet-steering-wheel-classic-mastodon
/product/mastodon-bbc-315-cylinder-head-assembled/,/products/mastodon-bbc-315-cylinder-head-assembled
/product/mastodon-hei-ford-small-block-windsor/,/products/mastodon-hei-ford-small-block-windsor
/product/hei-ignition-distributor-65k-coil/,/products/hei-ignition-distributor-65k-coil
/product/mastodon-fan-with-curved-blades-10inch-80w/,/products/mastodon-fan-with-curved-blades-10inch-80w
/product/mastodon-10-inch-universal-slim-electric-radiator-fan/,/products/mastodon-10-inch-universal-slim-electric-radiator-fan
/product/mastodon-polished-aluminum-timing-tab-sbc-305-327-350/,/products/mastodon-polished-aluminum-timing-tab-sbc-305-327-350
/product/mastodon-brake-master-cylinder-tandem-cr/,/products/mastodon-brake-master-cylinder-tandem-cr
/product/mastodon-sbc-bronze-dist-gear-491%c2%80%c2%9d/,/products/mastodon-sbc-bronze-dist-gear-491%c2%80%c2%9d
/product/mastodon-c4-chrome-steel-transmission-dipstick-2/,/products/mastodon-c4-chrome-steel-transmission-dipstick-2
/product/mastodon-parking-brake-ass-floor-mount-11-inch/,/products/mastodon-parking-brake-ass-floor-mount-11-inch
/product/mastodon-ignition-switch-panel-type-a-carbon-fibre/,/products/mastodon-ignition-switch-panel-type-a-carbon-fibre
/product/mastodon-sbc-dual-plane-aluminum-intake-manifold/,/products/mastodon-sbc-dual-plane-aluminum-intake-manifold
/product/mastodon-satin-9b-horn-button/,/products/mastodon-satin-9b-horn-button
/product/mastodon-2x10-stainless-steel-overflow-tank/,/products/mastodon-2x10-stainless-steel-overflow-tank
/product/mastodon-billet-aluminum-spark-plug-wire-looms-small-block-chevy/,/products/mastodon-billet-aluminum-spark-plug-wire-looms-small-block-chevy
/product/mastodon-crankshaft-pulley-1-groove-lwp-sbc-aluminium/,/products/mastodon-crankshaft-pulley-1-groove-lwp-sbc-aluminium
/product/mastodon-2-groove-crankshaft-pulley-lwp/,/products/mastodon-2-groove-crankshaft-pulley-lwp
/product/mastodon-subframe-body-mount-bushing-kit-with-hard/,/products/mastodon-subframe-body-mount-bushing-kit-with-hard
/product/mastodon-intake-manifold-sbc-satin-57-95/,/products/mastodon-intake-manifold-sbc-satin-57-95
/product/mastodon-valve-cover-aluminum-ls/,/products/mastodon-valve-cover-aluminum-ls
/product/gm-saginaw-power-steering-pump-mastodon/,/products/gm-saginaw-power-steering-pump-mastodon
/product/mastodon-high-voltage-50000-volt-ignition-coil/,/products/mastodon-high-voltage-50000-volt-ignition-coil
/product/mastodon-14-black-spoke-full-wrap-steering-wheel/,/products/mastodon-14-black-spoke-full-wrap-steering-wheel
/product/classic-17-18-rivet-steering-wheel-9-hole-mastodon/,/products/classic-17-18-rivet-steering-wheel-9-hole-mastodon
/product/mastodon-washable-full-flow-round-air-filter-bk/,/products/mastodon-washable-full-flow-round-air-filter-bk
/product/mastodon-engine-swap-mounts-weld-in-sbc-bbc/,/products/mastodon-engine-swap-mounts-weld-in-sbc-bbc
/product/mastodon-gm-old-blocks-transmission-mount-polyurethane/,/products/mastodon-gm-old-blocks-transmission-mount-polyurethane
/product/mastodon-brake-booster/,/products/mastodon-brake-booster
/product/mastodon-mechanical-fuel-pump-eccentric-kit-sbf/,/products/mastodon-mechanical-fuel-pump-eccentric-kit-sbf
/product/mastodon-sbc-timing-cover-gasket-set/,/products/mastodon-sbc-timing-cover-gasket-set
/product/mastodon-ls1-5-7l-engine-gasket-set/,/products/mastodon-ls1-5-7l-engine-gasket-set
/product/mastodon-shifter-boot-small-round-black-rubber/,/products/mastodon-shifter-boot-small-round-black-rubber
/product/c4-transmission-filter-internal/,/products/c4-transmission-filter-internal
/product/mastodon-alternator-bracket-kit/,/products/mastodon-alternator-bracket-kit
/product/fuel-pump-block-off-plate-gasket-sbc-pair-mastodon/,/products/fuel-pump-block-off-plate-gasket-sbc-pair-mastodon
/product/mastodon-chrome-stainless-steel-engine-oil-dipstick-sbc/,/products/mastodon-chrome-stainless-steel-engine-oil-dipstick-sbc
/product/chevy-ls-ss-flexible-oil-dipstick/,/products/chevy-ls-ss-flexible-oil-dipstick
/product/mastodon-sbc-195-cylinder-bare-head-each/,/products/mastodon-sbc-195-cylinder-bare-head-each
/product/mastodon-sbc-vortec-intake-manifold/,/products/mastodon-sbc-vortec-intake-manifold
/product/mastodon-steering-shaft-u-joint/,/products/mastodon-steering-shaft-u-joint
/product/mastodon-vintage-finned-valve-covers-gm-ls-hidden-coils/,/products/mastodon-vintage-finned-valve-covers-gm-ls-hidden-coils
/product/mastodon-14-inch-satin-half-wrap-black-steering-wheel/,/products/mastodon-14-inch-satin-half-wrap-black-steering-wheel
/product/mastodon-racing-fuel-pump-400-gph-blue-black/,/products/mastodon-racing-fuel-pump-400-gph-blue-black
/product/mastodon-pump-bracket/,/products/mastodon-pump-bracket
/product/mastodon-gm-denso-starter-truk/,/products/mastodon-gm-denso-starter-truk
/product/mastodon-radiator-chevy-24-inch-610mm-3-row/,/products/mastodon-radiator-chevy-24-inch-610mm-3-row
/product/mastodon-1-aluminium-mechanical-fan-spacer-kit/,/products/mastodon-1-aluminium-mechanical-fan-spacer-kit
/product/mastodon-ls1-billet-aluminium-manual-belt-tensioner/,/products/mastodon-ls1-billet-aluminium-manual-belt-tensioner
/product/mastodon-water-neck/,/products/mastodon-water-neck
/product/mastodon-24-inch-universal-braided-throttle-cable-black/,/products/mastodon-24-inch-universal-braided-throttle-cable-black
/product/mastodon-engine-oil-tube-dipstick-sbf-260-351w-chr/,/products/mastodon-engine-oil-tube-dipstick-sbf-260-351w-chr
/product/mastodon-black-sb-chevy-timing-chain-cover-kit/,/products/mastodon-black-sb-chevy-timing-chain-cover-kit
/product/mastodon-billet-hood-hinges-64-66-mustang-2/,/products/mastodon-billet-hood-hinges-64-66-mustang-2
/product/outside-door-handles-1932-1934-ford-pair-chrome-mastodon/,/products/outside-door-handles-1932-1934-ford-pair-chrome-mastodon
/product/mastodon-radiator-overflow-tank-3x10-stainless-ste/,/products/mastodon-radiator-overflow-tank-3x10-stainless-ste
/product/mastodon-ignition-coil-2/,/products/mastodon-ignition-coil-2
/product/mastodon-block-hugger-ls-univ-ram-horns-ls1-ls6/,/products/mastodon-block-hugger-ls-univ-ram-horns-ls1-ls6
/product/mastodon-eliminator-floor-mount-throttle-pedals-black/,/products/mastodon-eliminator-floor-mount-throttle-pedals-black
/product/14-billet-half-wrap-steering-wheel-9-hole-mastodon/,/products/14-billet-half-wrap-steering-wheel-9-hole-mastodon
/product/mastodon-horn-button-6-bolt-polished/,/products/mastodon-horn-button-6-bolt-polished
/product/mastodon-sanden-508-clutch-pulley-cover/,/products/mastodon-sanden-508-clutch-pulley-cover
/product/mastodon-finned-oval-breather-with-pcv/,/products/mastodon-finned-oval-breather-with-pcv
/product/master-cylinder-black/,/products/master-cylinder-black
/product/mastodon-sbc-chevy-brass-freeze-plug-kit/,/products/mastodon-sbc-chevy-brass-freeze-plug-kit
/product/mastodon-aluminum-carb-spacers-adapters-holley/,/products/mastodon-aluminum-carb-spacers-adapters-holley
/product/mastodon-1-2-carburettor-spacer-for-4bb/,/products/mastodon-1-2-carburettor-spacer-for-4bb
/product/mastodon-timing-chain-cover-kit-sbc/,/products/mastodon-timing-chain-cover-kit-sbc
/product/mastodon-hydro-brake-booster/,/products/mastodon-hydro-brake-booster
/product/mastodon-column-mounted-blinker-turn-signal-switch-for-gm-p/,/products/mastodon-column-mounted-blinker-turn-signal-switch-for-gm-p
/product/mastodon-air-cleaner-spacers-1-aluminium/,/products/mastodon-air-cleaner-spacers-1-aluminium
/product/mastodon-ford-sb-windsor-timing-chain-cover/,/products/mastodon-ford-sb-windsor-timing-chain-cover
/product/mastodon-alternator-pulley-delco-single-groove-chr/,/products/mastodon-alternator-pulley-delco-single-groove-chr
/product/mastodon-90-deg-ceramic-boot-spark-plug-wire-set/,/products/mastodon-90-deg-ceramic-boot-spark-plug-wire-set
/product/mastodon-24-th350-chrome-transmission-dipstick/,/products/mastodon-24-th350-chrome-transmission-dipstick
/product/mastodon-aluminum-roller-rocker-arms-sbf-351-302-windsor/,/products/mastodon-aluminum-roller-rocker-arms-sbf-351-302-windsor
/product/mastodon-sbc-lower-double-groove-pulley-long-water-pump/,/products/mastodon-sbc-lower-double-groove-pulley-long-water-pump
/product/mastodon-spark-plug-wire-set-2/,/products/mastodon-spark-plug-wire-set-2
/product/mastodon-washable-elements-14x5-red/,/products/mastodon-washable-elements-14x5-red
/product/mastodon-valve-and-grommet-billet-aluminum/,/products/mastodon-valve-and-grommet-billet-aluminum
/product/mastodon-alternator-bracket-swp-small-block-chevy/,/products/mastodon-alternator-bracket-swp-small-block-chevy
/product/mastodon-sbf-aluminum-rocker-arms-1-6-ratio-3-8inch/,/products/mastodon-sbf-aluminum-rocker-arms-1-6-ratio-3-8inch
/product/mastodon-mechanical-fuel-pump-ford-351-cleveland/,/products/mastodon-mechanical-fuel-pump-ford-351-cleveland
/product/mastodon-aluminium-sbc-long-water-pump/,/products/mastodon-aluminium-sbc-long-water-pump
/product/mastodon-brake-master-cylinder-oval-alumni-chr/,/products/mastodon-brake-master-cylinder-oval-alumni-chr
/product/mastodon-brake-caliper-with-e-brake-option/,/products/mastodon-brake-caliper-with-e-brake-option
/product/mastodon-polished-water-neck-90-deg-swivel-sbc-bbc/,/products/mastodon-polished-water-neck-90-deg-swivel-sbc-bbc
/product/mastodon-engine-oil-dipstick-tube-sbc-283-400-black/,/products/mastodon-engine-oil-dipstick-tube-sbc-283-400-black
/product/mastodon-valve-cover-polished-sbf-289-351w/,/products/mastodon-valve-cover-polished-sbf-289-351w
/product/mastodon-2x13-stainless-steel-overflow-tank/,/products/mastodon-2x13-stainless-steel-overflow-tank
/product/mastodon-ford-mechanical-fuel-pump-6-psi-fe-352-42/,/products/mastodon-ford-mechanical-fuel-pump-6-psi-fe-352-42
/product/mastodon-coil-mount-bracket-chrome-2/,/products/mastodon-coil-mount-bracket-chrome-2
/product/mastodon-universal-u-joint-coupler-3-4-dd-x-3-4-v-fit-for/,/products/mastodon-universal-u-joint-coupler-3-4-dd-x-3-4-v-fit-for
/product/mastodon-radiator-24-3-row-ford/,/products/mastodon-radiator-24-3-row-ford
/product/mastodon-flexplate-dust-cover-vented-gm-th350-th400/,/products/mastodon-flexplate-dust-cover-vented-gm-th350-th400
/product/ford-oil-sending-unit-extension-mastodon/,/products/ford-oil-sending-unit-extension-mastodon
/product/mastodon-ls-lq-viton-valve-seals/,/products/mastodon-ls-lq-viton-valve-seals
/product/mastodon-rubber-stopper-kit-hood-adjusters-camar/,/products/mastodon-rubber-stopper-kit-hood-adjusters-camar
/product/mastodon-8mm-ls-8-ignition-wire-with-180-degree-plug-boots/,/products/mastodon-8mm-ls-8-ignition-wire-with-180-degree-plug-boots
/product/mastodon-polished-stainless-steel-engine-motor-mounts-sbc-bbc/,/products/mastodon-polished-stainless-steel-engine-motor-mounts-sbc-bbc
/product/performance-ls1-vortec-spark-plugs-set-mastodon/,/products/performance-ls1-vortec-spark-plugs-set-mastodon
/product/mastodon-sbc-upper-long-water-pump-pulley-single-groove/,/products/mastodon-sbc-upper-long-water-pump-pulley-single-groove
/product/mastodon-radiator-only/,/products/mastodon-radiator-only
/product/mastodon-retro-finned-push-in-breather/,/products/mastodon-retro-finned-push-in-breather
/product/mastodon-stainless-steel-48-heater-hose-kit/,/products/mastodon-stainless-steel-48-heater-hose-kit
/product/mastodon-retro-finned-polished-aluminum-oval-push-in-breath/,/products/mastodon-retro-finned-polished-aluminum-oval-push-in-breath
/product/mastodon-air-cleaner-spacers-2-silver/,/products/mastodon-air-cleaner-spacers-2-silver
/product/mastodon-timing-chain-cover-tab-maker-sbc/,/products/mastodon-timing-chain-cover-tab-maker-sbc
/product/mastodon-universal-hydraulic-brake-light-switch-in/,/products/mastodon-universal-hydraulic-brake-light-switch-in
/product/mastodon-ignition-switch-panel-type-c-carbon-fibre/,/products/mastodon-ignition-switch-panel-type-c-carbon-fibre
/product/mastodon-weld-in-motor-mounts-for-sbc-engine-swaps/,/products/mastodon-weld-in-motor-mounts-for-sbc-engine-swaps
/product/mastodon-spark-plug-wire-set-3/,/products/mastodon-spark-plug-wire-set-3
/product/mastodon-valve-covers-sbc/,/products/mastodon-valve-covers-sbc
/product/mastodon-ls-valve-covers-finned-coil-mounts-satin-aluminium/,/products/mastodon-ls-valve-covers-finned-coil-mounts-satin-aluminium
/product/mastodon-universal-u-bolts-1-1-16-cap/,/products/mastodon-universal-u-bolts-1-1-16-cap
/product/mastodon-7-bracket-black/,/products/mastodon-7-bracket-black
/product/mastodon-under-dash-90-degree-brake/,/products/mastodon-under-dash-90-degree-brake
/product/aod-ford-selector-shaft-seal/,/products/aod-ford-selector-shaft-seal
/product/mastodon-sbf-ford-windsor-cork-valve-cover-gaskets/,/products/mastodon-sbf-ford-windsor-cork-valve-cover-gaskets
/product/mastodon-ls-160-deg-thermostat/,/products/mastodon-ls-160-deg-thermostat
/product/mastodon-throttle-kickdown-cable-bracket/,/products/mastodon-throttle-kickdown-cable-bracket
/product/mastodon-pump-mounting-plate-with-gasket-chrome-c/,/products/mastodon-pump-mounting-plate-with-gasket-chrome-c
/product/mastodon-alternator-pulley-delco-single-groove-bla/,/products/mastodon-alternator-pulley-delco-single-groove-bla
/product/mastodon-locking-trans-dipstick-4l80e-4l60e-700r4/,/products/mastodon-locking-trans-dipstick-4l80e-4l60e-700r4
/product/mastodon-universal-ls-engine-motor-mounts/,/products/mastodon-universal-ls-engine-motor-mounts
/product/mastodon-gm-control-arm-shim-kit/,/products/mastodon-gm-control-arm-shim-kit
/product/mastodon-rubber-shifter-boot-with-plate-chrome/,/products/mastodon-rubber-shifter-boot-with-plate-chrome
/product/mastodon-engine-oil-tube-dipstick-sbf-260-351w/,/products/mastodon-engine-oil-tube-dipstick-sbf-260-351w
/product/mastodon-ls-car-8mm-spark-plug-135-degree-plug-boots-red/,/products/mastodon-ls-car-8mm-spark-plug-135-degree-plug-boots-red
/product/mastodon-ls-exhaust-manifold-gasket-kit-ls/,/products/mastodon-ls-exhaust-manifold-gasket-kit-ls
/product/mastodon-h-e-i-distributor-for-sb-bb-chevy/,/products/mastodon-h-e-i-distributor-for-sb-bb-chevy
/product/mastodon-pcv-valve-and-grommet-3-4-fits-1-25-id-polished/,/products/mastodon-pcv-valve-and-grommet-3-4-fits-1-25-id-polished
/product/mastodon-universal-manual-master-cylinder-rod-kit/,/products/mastodon-universal-manual-master-cylinder-rod-kit
/product/mastodon-parking-brake-ass-floor-mount-11-inch-2/,/products/mastodon-parking-brake-ass-floor-mount-11-inch-2
/product/mastodon-alternator-bracket-for-long-water-pump/,/products/mastodon-alternator-bracket-for-long-water-pump
/product/mastodon-universal-16-inch-electric-slim-radiator-f/,/products/mastodon-universal-16-inch-electric-slim-radiator-f
/product/mastodon-sbc-chrome-thermostat-housing/,/products/mastodon-sbc-chrome-thermostat-housing
/product/mastodon-sbf-valve-cover-bolt-set-289-302-351w/,/products/mastodon-sbf-valve-cover-bolt-set-289-302-351w
/product/mastodon-ls-truck-8mm-10-l-135-degree-plug-boots-bk/,/products/mastodon-ls-truck-8mm-10-l-135-degree-plug-boots-bk
/product/mastodon-ls-truck-8mm135-degree-plug-boots-r/,/products/mastodon-ls-truck-8mm135-degree-plug-boots-r
/product/mastodon-horn-button-polished-9-hole/,/products/mastodon-horn-button-polished-9-hole
/product/mastodon-ls-wire-set-135/,/products/mastodon-ls-wire-set-135
/product/mastodon-block-hugger-headers-chevy-ls1-lls6-t-ss/,/products/mastodon-block-hugger-headers-chevy-ls1-lls6-t-ss
/product/mastodon-exhaust-header-s-s-short-chevy-ls/,/products/mastodon-exhaust-header-s-s-short-chevy-ls
/product/mastodon-7dual-brake-boosterchrome/,/products/mastodon-7dual-brake-boosterchrome
/product/mastodon-thermostat-housing-water-neck/,/products/mastodon-thermostat-housing-water-neck
/product/mastodon-24-inch-universal-braided-throttle-cable/,/products/mastodon-24-inch-universal-braided-throttle-cable
/product/mastodon-aluminium-rocker-arms-bbc-454-1-6/,/products/mastodon-aluminium-rocker-arms-bbc-454-1-6
/product/mastodon-sbc-double-groove-swp-pulley/,/products/mastodon-sbc-double-groove-swp-pulley
/product/mastodon-sbc-short-water-pump-pulley-single-groove/,/products/mastodon-sbc-short-water-pump-pulley-single-groove
/product/mastodon-exhaust-cut-out-stainless-steel-304-3-0/,/products/mastodon-exhaust-cut-out-stainless-steel-304-3-0
/product/mastodon-red-male-dist-cap-rotor-sbc/,/products/mastodon-red-male-dist-cap-rotor-sbc
/product/mastodon-master-cylinder-chrome/,/products/mastodon-master-cylinder-chrome
/product/mastodon-thermostat-160-degree-gm-ls2-ls3-ls7-2004-08/,/products/mastodon-thermostat-160-degree-gm-ls2-ls3-ls7-2004-08
/product/mastodon-overhaul-gasket-full-set/,/products/mastodon-overhaul-gasket-full-set
/product/mastodon-valve-cover-sbc-cork/,/products/mastodon-valve-cover-sbc-cork
/product/mastodon-sbc-valve-cover-gasket-steel-core-rubber/,/products/mastodon-sbc-valve-cover-gasket-steel-core-rubber
/product/mastodon-sbc-intake-manifold-gasket-set/,/products/mastodon-sbc-intake-manifold-gasket-set
/product/mastodon-8mm-ls-8-ignition-wire-with-180-degree-plug-boot/,/products/mastodon-8mm-ls-8-ignition-wire-with-180-degree-plug-boot
/product/automatic-transmission-mount-hi-tech-shifter/,/products/automatic-transmission-mount-hi-tech-shifter
/product/mastodon-water-neck-black-sbc-bbc-mopar/,/products/mastodon-water-neck-black-sbc-bbc-mopar
/product/mastodon-disc-brake-kit-with-e-brake-9-inch-bolt/,/products/mastodon-disc-brake-kit-with-e-brake-9-inch-bolt
/product/mastodon-stainless-flexible-oil-dipstick-small-block/,/products/mastodon-stainless-flexible-oil-dipstick-small-block
/product/mastodon-universal-spark-plug-wire-set-8mm-90-degree/,/products/mastodon-universal-spark-plug-wire-set-8mm-90-degree
/product/mastodon-spring-plates-3u-bolts-65-73-mustang/,/products/mastodon-spring-plates-3u-bolts-65-73-mustang
/product/mastodon-ford-9-rear-end-housing-with-axes-57/,/products/mastodon-ford-9-rear-end-housing-with-axes-57
/product/wheel-spinner-3-bar/,/products/wheel-spinner-3-bar
/product/mastodon-e-cooling-fan-thermostat-switch/,/products/mastodon-e-cooling-fan-thermostat-switch
/product/mastodon-universal-adjustable-column-shift-linkage/,/products/mastodon-universal-adjustable-column-shift-linkage
/product/mastodon-carburetor-studs-kit-5-16-x-2-1-2/,/products/mastodon-carburetor-studs-kit-5-16-x-2-1-2
/product/mastodon-chrome-distributor-hold-down-clamps-kit-sbc-bbc/,/products/mastodon-chrome-distributor-hold-down-clamps-kit-sbc-bbc
/product/mastodon-chevy-ls-polished-alum-straight-up-water/,/products/mastodon-chevy-ls-polished-alum-straight-up-water
/product/mastodon-sbc-valve-cover-gasket-centre-bolt/,/products/mastodon-sbc-valve-cover-gasket-centre-bolt
/product/mastodon-rubber-shifter-boot-round/,/products/mastodon-rubber-shifter-boot-round
/product/mastodon-gm-chrome-door-window-crank-handle-pair-s/,/products/mastodon-gm-chrome-door-window-crank-handle-pair-s
/product/mastodon-lower-swivel-column-mounts/,/products/mastodon-lower-swivel-column-mounts
/product/mastodon-universal-drive-shaft-u-bolts-1-1-8-inch/,/products/mastodon-universal-drive-shaft-u-bolts-1-1-8-inch
/product/mastodon-coyote-5-0l-exhaust-manifold-stainless-steel/,/products/mastodon-coyote-5-0l-exhaust-manifold-stainless-steel
/product/mastodon-u-joint-3-4-smooth-x-3-4-smooth/,/products/mastodon-u-joint-3-4-smooth-x-3-4-smooth
/product/mastodon-steering-wheel-adapter-6-holes-polished/,/products/mastodon-steering-wheel-adapter-6-holes-polished
/product/mastodon-braided-kickdown-cable-for-chrysler-727/,/products/mastodon-braided-kickdown-cable-for-chrysler-727
/product/mastodon-9-bolt-billet-polished-gm-hub-adapter/,/products/mastodon-9-bolt-billet-polished-gm-hub-adapter
/product/mastodon-alternator-1-wire-140-amp-v-belt-chrome/,/products/mastodon-alternator-1-wire-140-amp-v-belt-chrome
/product/mastodon-sbf-stainless-engine-oil-dipstick-bk/,/products/mastodon-sbf-stainless-engine-oil-dipstick-bk
/product/mastodon-leaf-spring-pads-3-tube-x-21-4-wide/,/products/mastodon-leaf-spring-pads-3-tube-x-21-4-wide
/product/mastodon-steel-throttle-return-bracket-kit-holley/,/products/mastodon-steel-throttle-return-bracket-kit-holley
/product/mastodon-air-cleaner-filter-element-washable/,/products/mastodon-air-cleaner-filter-element-washable
/product/mastodon-header-gasket-for-62-95-small-block-ford/,/products/mastodon-header-gasket-for-62-95-small-block-ford
/product/mastodon-sbc-195-intake-valve-size-2-08-4-91-stem-8-0mm/,/products/mastodon-sbc-195-intake-valve-size-2-08-4-91-stem-8-0mm
/product/mastodon-sbc-bbc-chevy-oil-filter-adapter-spin-on/,/products/mastodon-sbc-bbc-chevy-oil-filter-adapter-spin-on
/product/mastodon-chrome-window-crank-handle-ford-truck/,/products/mastodon-chrome-window-crank-handle-ford-truck
/product/mastodon-round-breather-with-vent/,/products/mastodon-round-breather-with-vent
/product/mastodon-steering-column-drop-2-5-column/,/products/mastodon-steering-column-drop-2-5-column
/product/mastodon-header-gasket-for-55-91-small-block-chevy/,/products/mastodon-header-gasket-for-55-91-small-block-chevy
/product/mastodon-sbc-fuel-pump-mounting-plate-gasket/,/products/mastodon-sbc-fuel-pump-mounting-plate-gasket
/product/mastodon-universal-steering-u-joint/,/products/mastodon-universal-steering-u-joint
/product/mastodon-steering-wheel-adapter-9-holes-black/,/products/mastodon-steering-wheel-adapter-9-holes-black
/product/mastodon-36-inch-universal-throttle-cable-black-plastic/,/products/mastodon-36-inch-universal-throttle-cable-black-plastic
/product/mastodon-spark-plug-wire-set-4/,/products/mastodon-spark-plug-wire-set-4
/product/mastodon-spark-plug-wire-set-8-5mm-180-deg-blue/,/products/mastodon-spark-plug-wire-set-8-5mm-180-deg-blue
/product/mastodon-chevy-ls-spark-plug-wires/,/products/mastodon-chevy-ls-spark-plug-wires
/product/mastodon-gm-ignition-module/,/products/mastodon-gm-ignition-module
/product/mastodon-intake-manifold-heater-hose-1-2-inch-npt-f/,/products/mastodon-intake-manifold-heater-hose-1-2-inch-npt-f
/product/ready-to-run-distributor-ford-windsor-302/,/products/ready-to-run-distributor-ford-windsor-302
/product/mastodon-pro-billet-ready-to-run-distributor-internal-module-sbc-bbc/,/products/mastodon-pro-billet-ready-to-run-distributor-internal-module-sbc-bbc
/product/sbc-195-exhaust-valve-size-1-6-l-4-97-stem-8-0mm/,/products/sbc-195-exhaust-valve-size-1-6-l-4-97-stem-8-0mm
/product/transmission-dipstick-flexible-ss-sbc-bbc-mastodon/,/products/transmission-dipstick-flexible-ss-sbc-bbc-mastodon
/product/mastodon-5-7-bracket-black/,/products/mastodon-5-7-bracket-black
/product/mastodon-braided-kickdown-cable-for-th700-r4/,/products/mastodon-braided-kickdown-cable-for-th700-r4
/product/mastodon-air-cleaner-filter-element-washable-2/,/products/mastodon-air-cleaner-filter-element-washable-2
/product/mastodon-90-degree-water-pump-fitting-5-8-hose/,/products/mastodon-90-degree-water-pump-fitting-5-8-hose
/product/mastodon-black-7mm-8mm-spark-plug-wire-separators/,/products/mastodon-black-7mm-8mm-spark-plug-wire-separators
/product/mastodon-copper-header-exhaust-gaskets-sbc-pair/,/products/mastodon-copper-header-exhaust-gaskets-sbc-pair
/product/mastodon-radiator-only-2/,/products/mastodon-radiator-only-2
/product/mastodon-billet-distributor-cap-v8/,/products/mastodon-billet-distributor-cap-v8
/product/mastodon-sbc-bbc-3-inch-reusable-copper-header-exha/,/products/mastodon-sbc-bbc-3-inch-reusable-copper-header-exha
/product/mastodon-throttle-return-spring-kit-chrome/,/products/mastodon-throttle-return-spring-kit-chrome
/product/mastodon-hei-distributor-pontiac-326-455/,/products/mastodon-hei-distributor-pontiac-326-455
/product/mastodon-distributor-wire-harness-hei-connector/,/products/mastodon-distributor-wire-harness-hei-connector
/product/mastodon-universal-braided-throttle-cable-24-inch-black/,/products/mastodon-universal-braided-throttle-cable-24-inch-black
/product/th350-stainless-steel-kick-down-cable/,/products/th350-stainless-steel-kick-down-cable
/product/mastodon-valve-cover-hold-downs-minitab-1-1-2-12pc/,/products/mastodon-valve-cover-hold-downs-minitab-1-1-2-12pc
/product/mastodon-camaro-hood-bumper-stopper-pair/,/products/mastodon-camaro-hood-bumper-stopper-pair
/product/mastodon-sbc-viton-valve-stem-seal-16set/,/products/mastodon-sbc-viton-valve-stem-seal-16set
/product/mastodon-36-inch-universal-braided-throttle-cable/,/products/mastodon-36-inch-universal-braided-throttle-cable
/product/mastodon-universal-throttle-cable-24-inch-s-s-br/,/products/mastodon-universal-throttle-cable-24-inch-s-s-br
/product/stainless-steel-flexible-dipstick-driver-side-sbc/,/products/stainless-steel-flexible-dipstick-driver-side-sbc
/product/sbf-brass-freeze-plug-kit-260-302-mastodon/,/products/sbf-brass-freeze-plug-kit-260-302-mastodon
/product/dual-electric-fan-control-harness-south-africa/,/products/dual-electric-fan-control-harness-south-africa
/product/mastodon-radiator-hose-kit-with-aluminum-caps-48/,/products/mastodon-radiator-hose-kit-with-aluminum-caps-48
/product/mastodon-spark-plug-wire-set-5/,/products/mastodon-spark-plug-wire-set-5
/product/mastodon-throttle-return-springs-bracket-kit/,/products/mastodon-throttle-return-springs-bracket-kit
/product/mastodon-chrome-7mm-8mm-spark-plug-wire-separators/,/products/mastodon-chrome-7mm-8mm-spark-plug-wire-separators
/product/mastodon-ls-swap-mounts-sa-red-poly-engine/,/products/mastodon-ls-swap-mounts-sa-red-poly-engine
/product/mastodon-plastic-car-cover/,/products/mastodon-plastic-car-cover
/product/mastodon-h-e-i-distributor-high-performance-ignite/,/products/mastodon-h-e-i-distributor-high-performance-ignite
/product/mastodon-sbc-180-exhaust-valve-size-1-6-l-4-91-stem-11-32/,/products/mastodon-sbc-180-exhaust-valve-size-1-6-l-4-91-stem-11-32
/product/mastodon-sbc-180-intake-valve-size-2-02-l-4-91-stem-11-32/,/products/mastodon-sbc-180-intake-valve-size-2-02-l-4-91-stem-11-32
/product/mastodon-valve-cover-spreader-bars/,/products/mastodon-valve-cover-spreader-bars
/product/mastodon-90-degree-swivel-water-neck-polished-alum/,/products/mastodon-90-degree-swivel-water-neck-polished-alum
/product/mastodon-rocker-arm-studs-7-16/,/products/mastodon-rocker-arm-studs-7-16
/product/mastodon-column-drop-3-12-4-dia-2-1-2-inch/,/products/mastodon-column-drop-3-12-4-dia-2-1-2-inch
/product/mastodon-power-steering-pulley-gm-aluminium-1-v/,/products/mastodon-power-steering-pulley-gm-aluminium-1-v
/product/mastodon-universal-ignition-wire-set-8-5mm/,/products/mastodon-universal-ignition-wire-set-8-5mm
/product/mastodon-power-steering-pump-pulley-gn-2-groove/,/products/mastodon-power-steering-pump-pulley-gn-2-groove
/product/mastodon-high-volume-fan-16/,/products/mastodon-high-volume-fan-16
/product/mastodon-rocker-arm-studs-3-8/,/products/mastodon-rocker-arm-studs-3-8
/product/mastodon-breather-grommets-rubber/,/products/mastodon-breather-grommets-rubber
/product/mastodon-universal-ignition-wire-set-8-5mm-180-deg/,/products/mastodon-universal-ignition-wire-set-8-5mm-180-deg
/product/mastodon-assorted-vacuum-line-cap-kit/,/products/mastodon-assorted-vacuum-line-cap-kit
/product/700r4-transmission-dipstick-flexible-ss-chevy/,/products/700r4-transmission-dipstick-flexible-ss-chevy
/product/mastodon-transmission-kickdown-cable-ford-c6-and-c4/,/products/mastodon-transmission-kickdown-cable-ford-c6-and-c4
/product/mastodon-h-e-i-distributor-cap-8-cylinder/,/products/mastodon-h-e-i-distributor-cap-8-cylinder
/product/mastodon-4-barrel-carburettor-gasket-each/,/products/mastodon-4-barrel-carburettor-gasket-each
/product/mastodon-h-e-i-distributor-coil-cap/,/products/mastodon-h-e-i-distributor-coil-cap
/product/mastodon-600-cfm-vacuum-secondary-carb-sa/,/products/mastodon-600-cfm-vacuum-secondary-carb-sa
/product/moog-chassis-parts-348-moog-premium-universal-u/,/products/moog-chassis-parts-348-moog-premium-universal-u
/product/moog-chassis-parts-369-moog-premium-universal-u/,/products/moog-chassis-parts-369-moog-premium-universal-u
/product/pioneer-flexplates/,/products/pioneer-flexplates
/product/pro-comp-3-8-rocker-arm-studs-set/,/products/pro-comp-3-8-rocker-arm-studs-set
/product/speedmaster-sbf-windsor-aluminum-intake-manifold-polished/,/products/speedmaster-sbf-windsor-aluminum-intake-manifold-polished
/product/1967-1970-mustang-billet-black-hood-hinges/,/products/1967-1970-mustang-billet-black-hood-hinges
/product/speedmaster-sbf-w-roller-rockers-arm-set-3-8-1-6-ratio/,/products/speedmaster-sbf-w-roller-rockers-arm-set-3-8-1-6-ratio
/product/speedmaster-ford-351c-4-030-1-100-0-927-flat-top-hyper-pistons-coated/,/products/speedmaster-ford-351c-4-030-1-100-0-927-flat-top-hyper-pistons-coated
/product/summit-starter-bolt-shim-kit-sbc/,/products/summit-starter-bolt-shim-kit-sbc
/product/wilwood-parking-brake-caliper-mc4-mechanical-1-8-2-inch/,/products/wilwood-parking-brake-caliper-mc4-mechanical-1-8-2-inch
/product/ac-delco-chevrolet-starter-motor/,/products/ac-delco-chevrolet-starter-motor
/product/borgeson-universal-steering-u-joints-2/,/products/borgeson-universal-steering-u-joints-2
/product/sparco-tow-strap/,/products/sparco-tow-strap
/product/canton-racing-15-751-oil-pump-pickup-big-block-for/,/products/canton-racing-15-751-oil-pump-pickup-big-block-for
/product/speedmaster-sbf-intake-manifold-gasket/,/products/speedmaster-sbf-intake-manifold-gasket
/product/rear-view-mirror-parking-kit-4-3-tft-mirror/,/products/rear-view-mirror-parking-kit-4-3-tft-mirror
/product/united-pacific-led-aux-light/,/products/united-pacific-led-aux-light
/product/kyostar-radiator-cap-aluminum/,/products/kyostar-radiator-cap-aluminum
/product/gud-oil-filter-z156-for-opel-isuzu/,/products/gud-oil-filter-z156-for-opel-isuzu
/product/gud-oil-filter-z297/,/products/gud-oil-filter-z297
/product/canton-racing-braided-engine-dipstick-ss/,/products/canton-racing-braided-engine-dipstick-ss
/product/sce-gaskets-ls-exhaust-pro-copper-embossed-exhaust/,/products/sce-gaskets-ls-exhaust-pro-copper-embossed-exhaust
/product/mastodon-park-distance-kit-led-display/,/products/mastodon-park-distance-kit-led-display
/product/12v-124a-sbc-alternator-late-model-4-pin/,/products/12v-124a-sbc-alternator-late-model-4-pin
/product/gud-oil-filter-z280/,/products/gud-oil-filter-z280
/product/borgeson-universal-steering-u-joints/,/products/borgeson-universal-steering-u-joints
/product/12v-105a-chevy-lumina/,/products/12v-105a-chevy-lumina
/product/mastodon-chevrolet-performance-hydraulic-flat-tappet-lifters/,/products/mastodon-chevrolet-performance-hydraulic-flat-tappet-lifters
/product/depo-racing-speedometer-115mm-led-0-300-kmh/,/products/depo-racing-speedometer-115mm-led-0-300-kmh
/product/depo-racing-tachometer-115mm-led-0-10-000-rpm/,/products/depo-racing-tachometer-115mm-led-0-10-000-rpm
/product/motorcraft-autolite-spark-plugs/,/products/motorcraft-autolite-spark-plugs
/product/12v-100a-sbc-alternator-late-model-4-pin-2/,/products/12v-100a-sbc-alternator-late-model-4-pin-2
/product/akrapovic-exhaust-muffler-tip-carbon-fiber-round-end/,/products/akrapovic-exhaust-muffler-tip-carbon-fiber-round-end
/product/mastodon-tubular-control-arm-kit-gm-63-70-c10-gmc-truck/,/products/mastodon-tubular-control-arm-kit-gm-63-70-c10-gmc-truck
/product/mastodon-tubular-control-arm-kit-gm-73-87-c10-gmc-truck/,/products/mastodon-tubular-control-arm-kit-gm-73-87-c10-gmc-truck
/product/mastodon-tubular-control-arm-kit-gm-58-64-full-size-cars/,/products/mastodon-tubular-control-arm-kit-gm-58-64-full-size-cars
/product/mastodon-tubular-control-arm-kit-gm-a-body-1968-72-chevelle-gto/,/products/mastodon-tubular-control-arm-kit-gm-a-body-1968-72-chevelle-gto
/product/mastodon-tubular-control-arm-kit-gm-65-70-full-size-cars/,/products/mastodon-tubular-control-arm-kit-gm-65-70-full-size-cars
/product/mastodon-chevy-truck-1955-59-mustang-2-conversion-crossmember/,/products/mastodon-chevy-truck-1955-59-mustang-2-conversion-crossmember
/product/mastodon-tubular-rear-suspension-kit-gm-a-body-68-72-chevelle-gto/,/products/mastodon-tubular-rear-suspension-kit-gm-a-body-68-72-chevelle-gto
/product/mastodon-drop-spindles-2-5-gm-63-70-truck/,/products/mastodon-drop-spindles-2-5-gm-63-70-truck
/product/mastodon-drop-spindles-2-gm-64-72-chevelle-el-camino-le-mans-gto-67-69-camaro-firebird-68-74-nova-70-72-truck/,/products/mastodon-drop-spindles-2-gm-64-72-chevelle-el-camino-le-mans-gto-67-69-camaro-firebird-68-74-nova-70-72-truck
/product/mastodon-2-52mm-chrome-volt-water-oil-pressure-triple-3-gauge-set-gauges-kit/,/products/mastodon-2-52mm-chrome-volt-water-oil-pressure-triple-3-gauge-set-gauges-kit
/product/shelby-cobra-2-piece-forged-wheel-18-x-100-offset-5-114-3-pcd/,/products/shelby-cobra-2-piece-forged-wheel-18-x-100-offset-5-114-3-pcd
/product/shelby-cobra-2-piece-forged-wheel-18-x-80-offset-5-114-3-pcd/,/products/shelby-cobra-2-piece-forged-wheel-18-x-80-offset-5-114-3-pcd
/product/mastodon-dbc-ls1-standalone-w-4l60e-evi-plug-wiring-harness/,/products/mastodon-dbc-ls1-standalone-w-4l60e-evi-plug-wiring-harness
/product/mastodon-universal-22-circuit-wiring-harness/,/products/mastodon-universal-22-circuit-wiring-harness
/product/mastodon-chevy-ls-engine-serpentine-bracket-alternator-power-steering-pump/,/products/mastodon-chevy-ls-engine-serpentine-bracket-alternator-power-steering-pump
/product/mastodon-fpp-2-four-post-parking-lift/,/products/mastodon-fpp-2-four-post-parking-lift
/product/quicksilver-shifter/,/products/quicksilver-shifter
/product/zeus-clips/,/products/zeus-clips
/product/horn-button-6-bolt-plastic/,/products/horn-button-6-bolt-plastic
/product/edelbrock-sure-seat-valve-springs/,/products/edelbrock-sure-seat-valve-springs
/product/mastodon-sbc-billet-aluminium-swp-pulley/,/products/mastodon-sbc-billet-aluminium-swp-pulley
/product/gm-chevy-hyd-flat-follower-lifter-ea/,/products/gm-chevy-hyd-flat-follower-lifter-ea
/product/enginetech-sbc-intake-valve-2-02/,/products/enginetech-sbc-intake-valve-2-02
/product/mastodon-sbc-bbc-polished-water-neck-90-deg-swivel/,/products/mastodon-sbc-bbc-polished-water-neck-90-deg-swivel
/product/mastodondistributorcaprotorreplacement-black-hei/,/products/mastodondistributorcaprotorreplacement-black-hei
/product/mastodondistributorcaprotorreplacement-red-hei/,/products/mastodondistributorcaprotorreplacement-red-hei
/product/mastodon-sb-chevy-bbc-160-thermostat-w-gasket/,/products/mastodon-sb-chevy-bbc-160-thermostat-w-gasket
/product/mastodon-under-dash-90-deg-brake-master-booste/,/products/mastodon-under-dash-90-deg-brake-master-booste
/product/mastodon-spark-plug-wire-set-universal/,/products/mastodon-spark-plug-wire-set-universal
/product/mastodon-7-vacuum-dual-power-brake-booster-chrome/,/products/mastodon-7-vacuum-dual-power-brake-booster-chrome
/product/enginetech-big-end-bearing-351-windsor-5/,/products/enginetech-big-end-bearing-351-windsor-5
/product/hood-hinges-55-56-chev/,/products/hood-hinges-55-56-chev
/product/prosport-universal-fuel-tank-float/,/products/prosport-universal-fuel-tank-float
/product/door-mirrors-round-bowtie-outside/,/products/door-mirrors-round-bowtie-outside
/product/brake-booster-8-ford-mustang-1967-70-single-diap/,/products/brake-booster-8-ford-mustang-1967-70-single-diap
/product/enginetech-ford-351-cleveland-rod-bearings/,/products/enginetech-ford-351-cleveland-rod-bearings
/product/lifters-ford/,/products/lifters-ford
/product/mastodon-tall-finned-aluminum-valve-covers/,/products/mastodon-tall-finned-aluminum-valve-covers
/product/mastodon-valve-cover-gaskets-rubber-w-steel-shim-core/,/products/mastodon-valve-cover-gaskets-rubber-w-steel-shim-core
/product/enginetech-ford-289-302-windsor-rod-bearing/,/products/enginetech-ford-289-302-windsor-rod-bearing
/product/mastodon-billet-aluminium-ford-351c-alternator-bra/,/products/mastodon-billet-aluminium-ford-351c-alternator-bra
/product/7-inch-hi-low-beam-headlight-with-turn-signal/,/products/7-inch-hi-low-beam-headlight-with-turn-signal
/product/mastodon-gm-transmission-mount/,/products/mastodon-gm-transmission-mount
/product/mastodon-stand-alone-wire-harness-ls1-97-06-t56-d/,/products/mastodon-stand-alone-wire-harness-ls1-97-06-t56-d
/product/mastodon-hood-hinge-1967-1969-camaro-billet-alum/,/products/mastodon-hood-hinge-1967-1969-camaro-billet-alum
/product/mastodon-12-inch-oval-paper-air-filter-element/,/products/mastodon-12-inch-oval-paper-air-filter-element
/product/rpm-signal-filter-24/,/products/rpm-signal-filter-24
/product/mastodon-valve-seals-sbc/,/products/mastodon-valve-seals-sbc
/product/mastodon-steering-column/,/products/mastodon-steering-column
/product/mastodon-polished-alternator-bracket-for-long-wate/,/products/mastodon-polished-alternator-bracket-for-long-wate
/product/mastodon-12-inch-oval-reusable-air-filter-element/,/products/mastodon-12-inch-oval-reusable-air-filter-element
/product/mastodon-steering-pump-remote-reservoir-gm-type2-chrome/,/products/mastodon-steering-pump-remote-reservoir-gm-type2-chrome
/product/mastodon-1947-54-chevy-truck-ifs-crossmember/,/products/mastodon-1947-54-chevy-truck-ifs-crossmember
/product/mastodon-1947-54chevy-pickup-bolt-in-ifs-front-kit/,/products/mastodon-1947-54chevy-pickup-bolt-in-ifs-front-kit
/product/mastodon-1949-54-chevy-bolt-on-front-end-crossmemb/,/products/mastodon-1949-54-chevy-bolt-on-front-end-crossmemb
/product/mastodon-1953-56-ford-f-100-ifs-crossmember/,/products/mastodon-1953-56-ford-f-100-ifs-crossmember
/product/mastodon-ring-pinion-set-ford-9-inch-3-00/,/products/mastodon-ring-pinion-set-ford-9-inch-3-00
/product/mastodon-ring-pinion-set-ford-9-inch-3-70/,/products/mastodon-ring-pinion-set-ford-9-inch-3-70
/product/32-tilt-steering-column-manual-no-key-without-a/,/products/32-tilt-steering-column-manual-no-key-without-a
/product/enginetech-main-bearings-351-windsor-2/,/products/enginetech-main-bearings-351-windsor-2
/product/smoothie-classic-steel-wheel-15-x-10-eto/,/products/smoothie-classic-steel-wheel-15-x-10-eto
/product/mastodon-plug-wire-separators-linear-sbc-chrome/,/products/mastodon-plug-wire-separators-linear-sbc-chrome
/product/mastodon-chevy-sb350-400-dual-plane-intake-manifold/,/products/mastodon-chevy-sb350-400-dual-plane-intake-manifold
/product/mastodon-ford-windsor-oil-pan/,/products/mastodon-ford-windsor-oil-pan
/product/mastodon-1957-60-ford-f-100-pickup-ifs-crossmember/,/products/mastodon-1957-60-ford-f-100-pickup-ifs-crossmember
/product/mastodon-ring-pinion-set-ford-9-inch-3-50/,/products/mastodon-ring-pinion-set-ford-9-inch-3-50
/product/28-steering-column-manual-no-key-without-adap/,/products/28-steering-column-manual-no-key-without-adap
/product/prosport-electrical-gauge-set-52mm-black-rim-bla/,/products/prosport-electrical-gauge-set-52mm-black-rim-bla
/product/prosport-performance-tachometer-115mm/,/products/prosport-performance-tachometer-115mm
/product/6-gauge-set-classic-blue-dial-with-white-needle/,/products/6-gauge-set-classic-blue-dial-with-white-needle
/product/mastodon-2-52mm-chrome-triple3gauge-set-gauges-kit/,/products/mastodon-2-52mm-chrome-triple3gauge-set-gauges-kit
/product/mastodon-chevy-ls-low-profile-oil-pan-black/,/products/mastodon-chevy-ls-low-profile-oil-pan-black
/product/mastodon-1964-70-ford-mustang-crossmember-mustang/,/products/mastodon-1964-70-ford-mustang-crossmember-mustang
/product/32-tilt-steering-column-manual-no-key-without-ada/,/products/32-tilt-steering-column-manual-no-key-without-ada
/product/u-joint-3-4-36-x-3-4-dd/,/products/u-joint-3-4-36-x-3-4-dd
/product/depo-racing-fuel-gauge-60mm-led/,/products/depo-racing-fuel-gauge-60mm-led
/product/prosport-performance-vacuum-bar-gauge-60mm-led-3/,/products/prosport-performance-vacuum-bar-gauge-60mm-led-3
/product/air-flow-speed-3-32-pass-4-way-aluminium-coil/,/products/air-flow-speed-3-32-pass-4-way-aluminium-coil
/product/engine-block-283-2-bolt-main-std/,/products/engine-block-283-2-bolt-main-std
/product/exhaust-cut-out-63mm/,/products/exhaust-cut-out-63mm
/product/v8-distributor/,/products/v8-distributor
/product/68-74-nova-tubular-control-front-arm-set-for-chevy/,/products/68-74-nova-tubular-control-front-arm-set-for-chevy
/product/21-circuit-wiring-harness-kit-with-20-headlight/,/products/21-circuit-wiring-harness-kit-with-20-headlight
/product/sbc-thermostat/,/products/sbc-thermostat
/product/howards-cams-performance-street-strip-valve-spring/,/products/howards-cams-performance-street-strip-valve-spring
/product/engine-block-350-4-bolt-main-std/,/products/engine-block-350-4-bolt-main-std
/product/engine-block-400-2-bolt-main-040-fresh-bore/,/products/engine-block-400-2-bolt-main-040-fresh-bore
/product/engine-block-4004-bolt-main030/,/products/engine-block-4004-bolt-main030
/product/engine-block-ford-460-030-block-only/,/products/engine-block-ford-460-030-block-only
/product/k24-adjustable-ep3-style-idler-pulley-belt-kit-f/,/products/k24-adjustable-ep3-style-idler-pulley-belt-kit-f
/product/kn-cone-filter-short-type/,/products/kn-cone-filter-short-type
/product/kn-apollo-closed-air-intake-system-universal/,/products/kn-apollo-closed-air-intake-system-universal
/product/kyostar-magnetic-oil-drain-plug/,/products/kyostar-magnetic-oil-drain-plug
/product/351-460-ford-hei-pe331/,/products/351-460-ford-hei-pe331
/product/coyote-pulley-set/,/products/coyote-pulley-set
/product/4-steering-tie-rod-ends-1964-69-plymouth-barracuda/,/products/4-steering-tie-rod-ends-1964-69-plymouth-barracuda
/product/engine-camshaft-for-09-18-challenger-charger/,/products/engine-camshaft-for-09-18-challenger-charger
/product/6-gauge-set-classic-white-with-orange-needle/,/products/6-gauge-set-classic-white-with-orange-needle
/product/6-gauge-set-classic-red-dial-with-white-needle/,/products/6-gauge-set-classic-red-dial-with-white-needle
/product/6-gauge-set-blue-and-red-lcd-display/,/products/6-gauge-set-blue-and-red-lcd-display
/product/engineserpentinebracketalternatorpowersteeringpum/,/products/engineserpentinebracketalternatorpowersteeringpum
/product/mastodon-universal-ignition-wire-set-8-5mm-90-degr/,/products/mastodon-universal-ignition-wire-set-8-5mm-90-degr
/product/prosport-mechanical-gauge-set-52mm-red-face-chro/,/products/prosport-mechanical-gauge-set-52mm-red-face-chro
/product/edelbrock-weber-4-bar-bbl-carb/,/products/edelbrock-weber-4-bar-bbl-carb
/product/chromoly-pushrods/,/products/chromoly-pushrods
/product/enginetech-ford-windsor-timing-set-for-1-piece-fue/,/products/enginetech-ford-windsor-timing-set-for-1-piece-fue
/product/32-tilt-steering-column-automatic-no-key-withou/,/products/32-tilt-steering-column-automatic-no-key-withou
/product/prosport-performance-water-temperature-gauge-60mm/,/products/prosport-performance-water-temperature-gauge-60mm