Site SKU,Master code,Name,Site price (incl),Master retail (incl),Delta (master - site)
AP-9040,AP-9040,High Performance 6 Pot Discs,7290.00,28699.99,+21409.99
EDL-7163,EDL-7163,Edelbrock Performer Intake Manifold Big Block,15000.00,4029.99,-10970.01
PCE305-1302,PCE305-1302,Speedmaster Ford 351C-4.030″ 1.100″ 0.927″ Flat Top Hyper Pi,6500.00,14699.99,+8199.99
OS13881C-1,OS13881C-1,Fel-Pro 6 Cylinder GMC Oil Pan Gasket,650.00,7099.99,+6449.99
VS30055R,VS30055R,Fel-Pro Valve Cover Gasket BBC,650.00,6719.99,+6069.99
P1501-8-040,P1501(8)040,Enginetech Piston Ford Flat Top 4BBL 289/302 Winds,2910.57,8879.99,+5969.42
MMR-7000-A,MMR-7000A,Mastodon Leaf Spring Pads 3 Tube x 21/4 Wide,1026.09,6359.99,+5333.90
MMR-7/16,MMR-7/16,Mastodon Rocker Arm Studs 7/16,1200.00,5729.99,+4529.99
PC-0012,PC-0012,Pro Comp 3/8 Rocker Arm Studs Set,2000.00,5729.99,+3729.99
AC-19418859,AC-19418859,AC Delco Chevrolet Starter Motor,11450.00,15179.99,+3729.99
P1501-8-20,P1501-8-20,PISTON FORD 4.7L 289 5.0L 302 FLAT TOP 4BBL,8879.52,5179.99,-3699.53
MMR-BH195,MMR-BH195,Mastodon SBC 195 Cylinder Bare Head Each,5750.00,2299.99,-3450.01
PCE147-1042,PCE147-1042,Speedmaster SBF Windsor Aluminum Intake Manifold Polished,8500.00,5669.99,-2830.01
MMR-91602,MMR-91602,Mastodon GM LS Alternator,3800.00,6409.99,+2609.99
MMR-85007,MMR-85007,Mastodon HEI Distributor Pontiac 326-455,2500.00,4979.99,+2479.99
P1501-8-00,P1501-8-00,Enginetech Piston Ford Flat Top 4BBL 289/302 Winds,2910.57,5179.99,+2269.42
P1501-8-060,P1501-8-060,Enginetech Piston Ford Flat Top 4BBL 289/302 Winds,2910.57,5179.99,+2269.42
MMR-13233,MMR-13233,Mastodon C6 Sump Gasket Cork Ford Transmission Cor,80.00,2199.99,+2119.99
P1534-8-020,P1534-8-020,Enginetech Piston GM Chevy Flat Top 5.7L 350 0.020,3162.76,5179.99,+2017.23
ALT-211130W,ALT-211130W,12V 105A Chevy Lumina,4500.00,2499.99,-2000.01
MMR-5F02S,MMR-5F02S,Mastodon Carb Air Scoop,6500.00,4669.99,-1830.01
MMR-MMFPP-2,MMR-MMFPP-2,Mastodon Four Post Parking Lift,69000.00,70729.99,+1729.99
MMR-121199,MMR-121199,Classic 17″ 18 rivet steering wheel 9 Hole Mastodon,2500.00,779.99,-1720.01
ARP 134-6002,ARP 134-6002,"ARP High Performance Series Connecting Rod Bolts, SBC",4778.31,6339.99,+1561.68
HLY-302-16,HLY-302-16,Holley GM LS Dipstick and Tube Kit,1650.00,3209.99,+1559.99
MMR-121004,MMR-121004,Mastodon 14 Black Spoke Full Wrap Steering Wheel,4950.00,3439.99,-1510.01
SC1810,SC1810,"Shelby Cobra 2-Piece Forged Wheel 18 x 10,0 Offset 5/114.3 P",18320.00,19789.99,+1469.99
MMR-121019,MMR-121019,Mastodon 14 Inch Satin Half Wrap Black Steering Wheel,4900.00,3439.99,-1460.01
SC1808,SC1808,"Shelby Cobra 2-Piece Forged Wheel 18 x 8,0 Offset 5/114.3 PC",17300.00,18689.99,+1389.99
MMR-121002-C,MMR-121002-C,14″ Billet Half Wrap Steering Wheel (9-Hole) Mastodon,4950.00,3759.99,-1190.01
MMR-82017,MMR-82017,14″ billet black spoke steering wheel (9-Hole) Mastodon,4500.00,3439.99,-1060.01
MMR-3/8,MMR-3/8,Mastodon Rocker Arm Studs 3/8,1200.00,179.99,-1020.01
MMR-8607,MMR-8607,Mastodon GM TH350 Floor Mount Shifter Kit,5760.00,4759.99,-1000.01
MA-OS3020Y,MA-OS3020Y,Mahle BBC Sump Gasket,1800.00,819.99,-980.01
MMR-39041,MMR-39041,Mastodon Locking Trans Dipstick 4L80E/4l60e/700R4,1725.00,779.99,-945.01
MMR-25-284967-1,MMR-25-284967-1,Mastodon Corvette Tach Circuit Board 80-’82 Green,500.00,1389.99,+889.99
MMR-89002,MMR-89002,Mastodon SBC Hydraulic Roller Lifters Link Bar,9990.00,10789.99,+799.99
MMR-2806,MMR-2806,Mastodon Racing Fuel Pump 400 GPH Blue/Black,5000.00,4229.99,-770.01
MMR-TH400-GR,MMR-TH400-GR,Mastodon TH400 Sump Gasket Black Rubber,150.00,819.99,+669.99
MMR-8964-R,MMR-8964R,Mastodon High Voltage 50000 Volt Ignition Coil,1500.00,899.99,-600.01
MMR-5090-BK,MMR-5090-BK,Mastodon Radiator Coolant Water Tank,1600.00,1019.99,-580.01
MMR-5090-SR,MMR-5090-SR,"Mastodon Aluminum Radiator Coolant Water Tank, 2L",1600.00,1019.99,-580.01
MMR-5070-SR,MMR-5070-SR,Mastodon Aluminum Radiator Coolant Water Tank,1600.00,1019.99,-580.01
MMR-300-160,MMR-300-160,Mastodon SBC Thermostat,250.00,779.99,+529.99
LOK-X 70-EHBF,LOK-X 70-EHBF,Lokar Midnight Series Parking Brake Handle Boots,1600.00,2109.99,+509.99
MMR-36423,MMR-36423,Mastodon C6 Transmission Filter,300.00,779.99,+479.99
MY-308,MY-308,Mallory Rotor Screw Down Cap SBC,850.00,389.99,-460.01
FEL-1901,FEL-1901,Fel Pro Performance Carb 4 Hole Gaskets,50.00,509.99,+459.99
MMR-8420-KIT,MMR-8420KIT,Mastodon Timing Chain Cover Kit SBC,969.83,509.99,-459.84
MMR-8001-BK,MMR-8001-BK,Mastodon Brake Booster,3000.00,2549.99,-450.01
MMR-38020-BK,MMR-38020-BK,Mastodon Universal Ignition Wire Set 8.5mm,1200.00,779.99,-420.01
MMR-38021-R,MMR-38021-R,Mastodon Universal Ignition Wire Set 8.5mm 180 Deg,1200.00,779.99,-420.01
MMR-43011-Bk,MMR-43011-Bk,Mastodon Chevy Engine Mounting Black Polyurethane 3 Bolt,1600.00,1189.99,-410.01
MMR-58008-F,MMR-58008-F,Mastodon SBC Timing Cover Gasket Set,200.00,599.99,+399.99
MMR-8967-BK,MMR-8967BK,Mastodon Alternator Pulley Delco Single Groove Bla,279.13,649.99,+370.86
MMR-2853,MMR-2853,Mastodon BBC Valve Cover Cork Gasket,450.00,119.99,-330.01
MMR-7601,MMR-7601,Mastodon C6 Transmission Pan Chrome,450.00,779.99,+329.99
MMR-39038-C,MMR-39038-C,Mastodon C4 Chrome Steel Transmission Dipstick,450.00,779.99,+329.99
MMR-58009,MMR-58009,Mastodon 4 Barrel Carburettor Gasket Each,35.00,339.99,+304.99
MMR-194,MMR-194,"Mastodon Engine Swap Mounts, Weld-In, SBC/BBC",1500.00,1199.99,-300.01
PK 49-1006,PK 49-1006,Speedmaster SBF Intake Manifold Gasket,350.00,639.99,+289.99
MMR-38024,MMR-38024,Mastodon 90 Deg Ceramic Boot Spark Plug Wire Set,1950.00,1669.99,-280.01
MMR-25012,MMR-25012,Power steering bracket universal,1393.34,1119.99,-273.35
BC296JSTD,BC296JSTD,Enginetech Main Bearing GM Chevy Small Block Large,618.90,859.99,+241.09
BB608J00,BB608J00,Enginetech Big end Bearing 351 Windsor,593.48,829.99,+236.51
BB608J10,BB608J10,Enginetech Big end Bearing 351 Windsor,593.48,829.99,+236.51
MMR-3273,MMR-3273,Mastodon Electrical EFI Fuel Pump 4 BAR Silver,450.00,219.99,-230.01
MMR-5581-BK,MMR-5581-BK,Mastodon Universal Fuel Log 8-20 & 9/16-20 Black A,1000.00,779.99,-220.01
BC296J040,BC296J040,Enginetech SBC Main Bearing Large Journal (0.40mm),850.00,649.99,-200.01
MMR-1076-SR,MMR-1076-SR,"Mastodon Chevy LS Adapter,Cathedral Port to Rectangular",4500.00,4679.99,+179.99
MMR-7145,MMR7145,Mastodon Washable Elements 14″x5″ Red,650.00,479.99,-170.01
MMR-8520-BK,MMR-8520-BK,Mastodon Eliminator Floor Mount Throttle Pedals Black,1200.00,1039.99,-160.01
S55S1,S55S1,Enginetech Oil Pump Pickup Screen GM SBC,431.25,589.99,+158.74
BC307 STD,BC307 STD,Rod Bearings Ford 5.8L 351,650.00,789.99,+139.99
MMR-11216,MMR-11216,"Mastodon Coil Mount Bracket, Chrome",350.00,219.99,-130.01
MMR-58063,MMR-58063,Mastodon SBC Intake Manifold Gasket Set,350.00,249.99,-100.01
MMR-26086,MMR-26086,"Mastodon Plug Wire Separators, Linear, SBC, Chrome",557.34,469.99,-87.35
MMR-20050-R,MMR-20050-R,Mastodon Air Cleaner Element Filter 12″x 2″ Oval R,500.00,429.99,-70.01
MMR-13265X,MMR-13265X,Mastodon C4 Transmission Gasket SBF Cork,80.00,119.99,+39.99
MMR-PG-GC,MMR-PG-GC,Mastodon GM Powerglide Gasket Cork,80.00,119.99,+39.99
MMR-TH-400-G,MMR-TH-400-G,Mastodon TH400 Sump Gasket GM Trans Cork,80.00,119.99,+39.99
MMR-11366,MMR-11366,Mastodon Carburetor Studs Kit 5/16″ X 2 1/2″,154.82,119.99,-34.83
PCE261-1018,PCE261-1018,Speedmaster SBF W Roller Rockers Arm Set 3/8 1.6 Ratio,5750.00,5729.99,-20.01
MMR-39037,MMR-39037,Mastodon 24″ TH350 Chrome Transmission Dipstick,450.00,439.99,-10.01
MMR-128503-200,MMR-128503-200,Mastodon Column Drop 3-12/4 Dia 2-1/2 inch,804.99,799.99,-5.00
MMR-91015580,MMR-91015580,Mastodon Short Water Pump SBC,1495.00,1499.99,+4.99
MMR-38026-BK,MMR-38026-BK,Mastodon Spark Plug Wire Set,1045.03,1049.99,+4.96
MMR-38026-BL,MMR-38026-BL,Mastodon Spark Plug Wire Set,1045.03,1049.99,+4.96
MMR-38020-R,MMR-38020-R,Mastodon Spark Plug Wire Set,1045.03,1049.99,+4.96
MMR-38026-R,MMR-38026-R,Mastodon Spark Plug Wire Set,1045.03,1049.99,+4.96
MMR-7090,MMR-7090,Mastodon 12 inch Oval Paper Air Filter Element,334.95,329.99,-4.96
MMR-12035,MMR-12035,Mastodon 36 Inch Universal Throttle Cable Black Plastic,484.93,479.99,-4.94
MMR-12032,MMR-12032,Mastodon Universal Braided Throttle Cable 24 Inch Black,484.93,479.99,-4.94
MMR-3901-H,MMR-3901-H,Mastodon Billet Trunk Hinges Fits 1967-1969 Camaro,5625.06,5629.99,+4.93
MMR-GW-63,MMR-GW-63,"Mastodon Exhaust Cut-Out, Stainless Steel 304, 2.5",3984.91,3979.99,-4.92
MMR-GW-76,MMR-GW-76,"Mastodon Exhaust Cut-Out, Stainless Steel 304, 3.0",3984.91,3979.99,-4.92
MMR-25051,MMR-25051,Mastodon Alternator Bracket LWP Small Block Chevy,615.09,619.99,+4.90
MMR-25050,MMR-25050,Mastodon Alternator Bracket For Long Water Pump,615.09,619.99,+4.90
MMR-25066,MMR-25066,Mastodon Universal Steel Battery Tray Holder,1074.87,1069.99,-4.88
MMR-FRS204-BK,MMR-FRS204-BK,Master Cylinder Black,2485.12,2489.99,+4.87
MMR-FRS204-C,MMR-FRS204-C,Mastodon Master Cylinder Chrome,2485.12,2489.99,+4.87
L817,L817,"GM Chevy Hyd Flat Follower Lifter, EA",274.86,269.99,-4.87
CC400,CC400,Cam Bearing Chevy,575.14,579.99,+4.85
MMR-11225,MMR-11225,"Mastodon Mechanical Fuel Pump Eccentric Kit, SBF",435.14,439.99,+4.85
MMR-BCH,MMR-BCH,Mastodon LS3 15 degree bare cylinder head,18774.82,18769.99,-4.83
MMR-11103,MMR-11103,"Mastodon Timing Chain Cover Tab Maker, Sbc",154.82,149.99,-4.83
BB253JSTD,BB253JSTD,Enginetech Rod Bearing GM Chevy Small Block Large J,764.81,759.99,-4.82
MMR-38015,MMR-38015,Mastodon LS Wire Set 135,2384.81,2379.99,-4.82
PSM6GCC-RW,PSM6GCC-RW,Prosport Mechanical Gauge Set 52mm Red Face & Chro,3355.17,3359.99,+4.82
Z-297,Z-297,GUD Oil Filter Z297,85.18,89.99,+4.81
Z-280,Z-280,GUD Oil Filter Z280,85.18,89.99,+4.81
CC-7832-16,CC-7832-16,"COMP Cams High Energy Pushrods , Steel, 5/16 in. D",1665.21,1669.99,+4.78
MMR-58024-B,MMR-58024-B,"Mastodon Carburetor Spacer, 4 BBL, 2″ Ported Pheno",564.77,559.99,-4.78
238WRCVAPK-R(BAR),238WRCVAPK-R(BAR),"Prosport Performance Vacuum Bar Gauge, 60mm, LED 3",3585.23,3589.99,+4.76
BEU-404-000.R12.-1,BEU-404-000.R12.-1,Air Flow Speed 3 32 Pass 4 Way Aluminium Coil,1935.23,1939.99,+4.76
MMR-11291,MMR-11291,Mastodon Stainless Engine Bolt Kit Set,995.24,999.99,+4.75
MMR-11185,MMR-11185,Mastodon GM Control Arm Shim Kit,155.24,159.99,+4.75
BC240J010,BC240J010,Main Brng Ford 3.6L 221 4.2L 255 4.3L 260 4.7L 289,1455.27,1459.99,+4.72
MMR-9160,MMR-9160,"Mastodon Radiator, Chevy, 24 Inch (610mm), 3 Row",5315.27,5319.99,+4.72
MMR-75025,MMR-75025,"Mastodon LS Valve Covers (Finned, Coil Mounts, Satin Alumini",5315.27,5319.99,+4.72
MMR-LY-TL-002,MMR-LY-TL-002,Mastodon LED Turning Light with Angel eye,604.70,599.99,-4.71
BB608J020,BB608J020,ROD BRNG FORD 5.8L 351 WINDSOR,1414.68,1409.99,-4.69
MMR-77001,MMR-77001,Mastodon Universal 16 inch Electric Slim Radiator F,1114.67,1109.99,-4.68
V1650B,V1650B,Enginetech SBC Intake Valve 2.02,255.31,259.99,+4.68
MMR-31068,MMR-31068,Mastodon Column Mounted Blinker Turn Signal Switch For Gm P,455.32,459.99,+4.67
PK-NWA11587B,PK-NWA11587B,"Depo Racing Speedometer, 115mm, LED, 0-300 kmh",5534.66,5529.99,-4.67
BRG-014949,BRG-014949,Borgeson Universal Steering U-Joints,7835.33,7839.99,+4.66
MMR-12371044,MMR-12371044,Mastodon Chevrolet Performance Hydraulic Flat Tappet Lifters,9605.33,9609.99,+4.66
MMR-F351C,MMR-F351C,Mastodon Ford HEI 351C,5814.63,5809.99,-4.64
302-100,302-100,Ford Windsor Racing Stamped Steel Valve Covers SA,4494.61,4489.99,-4.62
MMR-9193,MMR-9193,Mastodon Radiator Only,5545.37,5549.99,+4.62
MMR-58002,MMR-58002,Mastodon SBC 80-85 Oil Pan Gasket 1 Piece Rubber,735.39,739.99,+4.60
MMR-45012,MMR-45012,Mastodon Steering Shaft U-Joint,735.39,739.99,+4.60
MMR-25182-CR,MMR-25182-CR,Mastodon Sanden 508 Clutch Pulley Cover,735.39,739.99,+4.60
MMR-MC-026-C,MMR-MC-026-C,Mastodon Brake Master Cylinder Oval Alumni Chr,2325.43,2329.99,+4.56
MMR-6507,MMR-6507,AOD Ford Selector Shaft Seal,34.52,29.99,-4.53
MMR-39018-BK,MMR-39018-BK,Mastodon SBF Stainless Engine Oil Dipstick BK,615.47,619.99,+4.52
MMR-3252701-BK,MMR-3252701-BK,"Mastodon Performer Intake Manifold EPS, SBC,BLOCK",7555.48,7559.99,+4.51
MMR-293,MMR-293,Mastodon Timing Chain Set HD Double Roller SBC,1045.48,1049.99,+4.51
MMR-191,MMR-191,"Mastodon Power Steering Pump Pulley, GN, 2 Groove",1045.48,1049.99,+4.51
AND SHIFT-2,AND SHIFT-2,Quicksilver Shifter,9924.49,9919.99,-4.50
MMR-58025,MMR-58025,"Mastodon Engine Oil Pan Gasket, Chevy Ls Ls1,2,3",464.47,459.99,-4.48
MMR-09051,MMR-09051,Mastodon Air Cleaner Spacers 2″ Silver,464.46,459.99,-4.47
KD-1610,KD-1610,Kyostar Radiator Cap – Aluminum,204.45,199.99,-4.46
MMR-39032,MMR-39032,Chevy LS SS Flexible Oil Dipstick,574.44,569.99,-4.45
MMR-8360,MMR-8360,Mastodon Pro-Billet Ready To Run Distributor – Internal Modu,4254.43,4249.99,-4.44
MJE013-C,MJE013-C,Engine Camshaft for 09- 18 Challenger Charger,8305.55,8309.99,+4.44
MMR-CA-5864,MMR-CA-5864,Mastodon Tubular Control Arm Kit GM 58-64 Full Size Cars,15635.57,15639.99,+4.42
MMR-32010,MMR-32010,Mastodon Polished Water Neck 90 Deg Swivel SBC/BBC,385.60,389.99,+4.39
MMR-32022,MMR-32022,Mastodon Chevy Ls Polished Alum Straight Up Water,355.61,359.99,+4.38
302-135,302-135,Ford Racing Slant Edge Valve Covers Black Crinkle,10504.36,10499.99,-4.37
MMR-25048,MMR-25048,Mastodon LS Rocker Arms Trunnion Kit for Chevy,3235.62,3239.99,+4.37
MMR-91611285-BK,MMR-91611285-BK,"Mastodon Intake Manifold,SBC, Aluminum BLACK",9044.36,9039.99,-4.37
MMR-10053,MMR-10053,"Mastodon H Groove Lock and Key Set for Camaro, Che",915.63,919.99,+4.36
MMR-121804-B,MMR-121804-B,Mastodon Horn Button Polished 9 Hole,725.64,729.99,+4.35
MMR-1108,MMR-1108,Mastodon SBC Dual Plane Aluminum Intake Manifold,4454.33,4449.99,-4.34
MMR-75022,MMR-75022,Mastodon Valve Covers SBC,3715.65,3719.99,+4.34
MMR-FO-036,MMR-FO-036,Mastodon Coyote 5.0l Exhaust Manifold – Stainless Steel,11425.66,11429.99,+4.33
MMR-20051-R,MMR-20051-R,"Mastodon Air Cleaner, Super Flow with Raised Top",1664.30,1659.99,-4.31
MMR-13091,MMR-13091,Outside door handles 1932-1934 Ford (Pair) Chrome Mastodon,1194.30,1189.99,-4.31
MMR-45006,MMR-45006,Round 3/4″ Steering Shaft Support Heim Joint Mastodon,455.70,459.99,+4.29
BC307J10,BC307J10,Enginetech Main Bearings 351 Windsor,984.27,979.99,-4.28
EDL-1711,EDL-1711,Edelbrock Victor Series Racing Fuel Pump SBF,2954.26,2949.99,-4.27
MMR-WP-SBC-LA,MMR-WP-SBC-LA,Mastodon Aluminium SBC Long Water Pump,3684.26,3679.99,-4.27
BC306J10,BC306J10,Enginetech Ford 351 Windsor Main bearings,984.25,979.99,-4.26
BC306J20,BC306J20,Enginetech Ford 351 Windsor Main bearings,984.25,979.99,-4.26
BC306J40,BC306J40,Enginetech Ford 351 Windsor Main bearings,984.25,979.99,-4.26
BC306J30,BC306J30,Enginetech Ford 351 Windsor Main bearings,984.25,979.99,-4.26
MMR-11145,MMR-11145,Fuel Pump Block Off Plate Gasket SBC (Pair) Mastodon,175.73,179.99,+4.26
MMR-11137,MMR-11137,Mastodon Valve Cover Spreader Bars,175.73,179.99,+4.26
SUM-1457800,SUM-1457800,Chromoly Pushrods,3525.73,3529.99,+4.26
MMR-3403-CR,MMR-3403-CR,"Mastodon T-Style Billet Steering Wheel 14×2″, Black Leather",3654.24,3649.99,-4.25
ARP 200-2802,ARP 200-2802,ARP High Performance Flexplate Bolt Kit,1885.75,1889.99,+4.24
MMR-32010-BK,MMR-32010-BK,"Mastodon Water Neck, SBC BBC",425.75,429.99,+4.24
MMR-32016,MMR-32016,Mastodon Thermostat Housing Water Neck,425.75,429.99,+4.24
MMR-065,MMR-065,Mastodon H.E.I. Distributor High Performance Ignite,284.23,279.99,-4.24
MMR-32024-B,MMR-32024-B,"Mastodon Thermostat, 160 Degree, GM LS2, LS3, LS7 ( 2004-08)",265.77,269.99,+4.22
BB123J25,BB123J25,Enginetech Rod Bearing Chrysler / Jeep 3.7L,545.79,549.99,+4.20
BC293JSTD,BC293JSTD,Enginetech Ford 351C Main Bearing (Standard),775.79,779.99,+4.20
SI-AT82001,SI-AT82001,68-74 Nova Tubular Control Front Arm Set For Chevy,10334.19,10329.99,-4.20
MMR-5840-SI,MMR-5840-SI,Mastodon Main Bearing Set – Mopar 5.7L HEMI,1284.17,1279.99,-4.18
MMR-PS-315,MMR-PS-315,"Mastodon Park Distance Kit, LED Display",1284.17,1279.99,-4.18
MMR-43017,MMR-43017,Mastodon Transmission Mount Chevy Polyurethane,875.82,879.99,+4.17
MMR-1112-BK,MMR-1112-BK,Mastodon 600 CFM Vacuum Secondary Carb SA,6894.15,6889.99,-4.16
C350LM-24,C350LM-24,EngineTech oil pan gasket GM CHEV 5.7L 350 UMB VSS,2695.85,2699.99,+4.14
ARP 134-6003,ARP 134-6003,ARP Connecting Rod Bolt Kits,3374.12,3369.99,-4.13
MMR-38019-R,MMR-38019-R,Mastodon Chevy LS spark plug wires,775.87,779.99,+4.12
MM6GSETESPBL-CG-GPS,MM6GSETESPBL-CG-GPS,"6 Gauge Set Classic, Blue Dial with White needle",6834.11,6829.99,-4.12
MM6GSETESPR-CG-GPS,MM6GSETESPR-CG-GPS,"6 Gauge Set Classic, Red Dial with White Needle",6834.11,6829.99,-4.12
MMR-45033,MMR-45033,"Mastodon Steering Coupler Rag Joint, Power & Manual",774.10,769.99,-4.11
MMR-45034,MMR-45034,"Mastodon Steering Coupler Rag Joint, GM Manual & P",774.10,769.99,-4.11
MMR-3045BK,MMR-3045BK,Mastodon Billet Distributor Cap V8,315.89,319.99,+4.10
MMR-39023-C,MMR-39023-C,Mastodon Engine Oil Tube Dipstick SBF 260-351W Chr,285.94,289.99,+4.05
MMR-39020-BL,MMR-39020-BL,Mastodon Engine Oil Dipstick Tube SBC 283-400 – Black,285.94,289.99,+4.05
MMR-39023-BL,MMR-39023-BL,Mastodon Engine Oil Tube & Dipstick SBF 260-351W,285.94,289.99,+4.05
EP68HV,EP68HV,Enginetech Ford Engine Oil Pump High Volume,1275.95,1279.99,+4.04
MMR-26085,MMR-26085,"Mastodon Tail Light and Side Fender Kit, 73-79 Ford F150",1315.96,1319.99,+4.03
MMR-32010-C,MMR-32010-C,Mastodon 90 Degree Swivel Water Neck Polished Alum,414.02,409.99,-4.03
MMR-32007,MMR-32007,Mastodon SBC/BBC Polished Water neck 90 Deg Swivel,414.02,409.99,-4.03
MMR-25008,MMR-25008,Mastodon Chrome Distributor Hold Down Clamps Kit SBC/BBC,174.01,169.99,-4.02
R40058-STD,R40058-STD,Enginetech Piston Ring Set 4 inch Bore (Standard),1215.98,1219.99,+4.01
R40058-030,R40058-030,Enginetech 4 inch Bore Rings For AMC Chrysler (4.03,1215.98,1219.99,+4.01
R40058-060,R40058-060,Enginetech 4 inch Bore Rings For AMC Chrysler (4.06,1215.98,1219.99,+4.01
R40058-040,R40058-040,Enginetech 4 inch Bore Piston Rings For AMC Chrysler,1215.98,1219.99,+4.01
R40058-020,R40058-020,Enginetech 4 inch Bore Rings For AMC Chrysler (4.02,1215.98,1219.99,+4.01
TSC-7007B-1,TSC-7007B-1,32″ Tilt Steering Column Manual No Key Without Ada,7295.99,7299.99,+4.00
EDL-1720,EDL-1720,Edelbrock Performer RPM Street Fuel Pump SBC,3546.01,3549.99,+3.98
MMR-6280-B,MMR-6280-B,Mastodon BBC Chevy Valve Covers,5313.97,5309.99,-3.98
MMR-21079,MMR-21079,Mastodon e Cooling Fan Thermostat Switch,193.97,189.99,-3.98
MMR-3099,MMR-3099,Mastodon H.E.I Distributor For SB/BB Chevy,1693.96,1689.99,-3.97
MMR-58012,MMR-58012,Mastodon SBC/BBC 3 inch Reusable Copper Header Exha,316.03,319.99,+3.96
BC307J30,BC307J30,Enginetech Main Bearings 351 Windsor,1223.95,1219.99,-3.96
C350-1,C350-1,Gasket GM Chevy,1556.04,1559.99,+3.95
MMR-16695,MMR-16695,"TF8,FMX,C6 Extension Housing Seal",226.04,229.99,+3.95
MOG-349,MOG-349,Moog Chassis Parts 348 – Moog Premium Universal U-,1686.04,1689.99,+3.95
MOG-370,MOG-370,Moog Chassis Parts 369 – Moog Premium Universal U-,873.94,869.99,-3.95
MMR-6772,MMR-6772,Mastodon Hood Hinge 67-72 Chevy Truck,24646.06,24649.99,+3.93
MMR-HEI-002,MMR-HEI-002,Mastodon H.E.I. Distributor Coil Cap,66.10,69.99,+3.89
MMR-59022-CR,MMR-59022-CR,Mastodon Brake Master Cylinder Tandem CR,2126.11,2129.99,+3.88
MMR-25088,MMR-25088,Mastodon Steering Column Drop 2.5″ Column,736.13,739.99,+3.86
BC296J010,BC296J010,Enginetech SBC Main Bearing Large Journal (0.10mm),1293.83,1289.99,-3.84
BC296J020,BC296J020,Enginetech Main Bearing Chevy Small Block Large Jou,1293.83,1289.99,-3.84
MMR-9153,MMR-9153,Mastodon Radiator Only,5076.18,5079.99,+3.81
MMR-1004,MMR-1004,"Mastodon Throttle Body, Spacer/ Adapter, 92Mm Blac",696.21,699.99,+3.78
MMR-8593-P,MMR-8593-P,Mastodon 2-3/8 Inch Finned Transmission Oil Pan TH400,2586.22,2589.99,+3.77
MMR-3521,MMR-3521,Mastodon Retro Finned Push In Breather,843.76,839.99,-3.77
RB-52670-1022Bk,RB-52670-1022Bk,1967-1970 Mustang Billet Black Hood Hinges,57183.75,57179.99,-3.76
ARP 154-6002,ARP 154-6002,ARP High Performance Series Connecting Rod Bolt Ki,3396.24,3399.99,+3.75
MMR-25091,MMR-25091,Mastodon Steering Column Floor Mount,1083.74,1079.99,-3.75
MMR-45025,MMR-45025,"Mastodon Steering Shaft U-Joint, Steering Shaft",1083.74,1079.99,-3.75
L900,L900,Lifters (Ford),1276.27,1279.99,+3.72
MMR-1023-BK,MMR-1023-BK,Mastodon Aluminum Billet Drive-By-Wire Throttle Body,7496.30,7499.99,+3.69
MMR-15010,MMR-15010,Transmission Cooler Dual Pass Finned Mastodon,1006.32,1009.99,+3.67
MMR-15011,MMR-15011,"Mastodon Transmission Cooler, DUal Pass Finned",1006.32,1009.99,+3.67
MMR-25077,MMR-25077,Mastodon Alternator Bracket SWP Small Block Chevy,446.32,449.99,+3.67
MMR-58006-C,MMR-58006-C,Mastodon SBF Ford Windsor Cork Valve Cover Gaskets,226.32,229.99,+3.67
216 SWOT-BBB,216 SWOT-BBB,Prosport Electrical Gauge Set 52mm Black Rim & Bla,1213.66,1209.99,-3.67
ALT-2654,ALT-2654,12v 100a SBC Alternator Late Model 4 Pin,3466.33,3469.99,+3.66
BRG-114925,BRG-114925,Borgeson Universal Steering U-Joints,9536.34,9539.99,+3.65
EDL-77780,EDL-77780,Edelbrock Red Roller Rockers SBF,9966.35,9969.99,+3.64
MMR-200350,MMR-200350,Mastodon Steering Column Floor Mount 2 Diameter,2313.63,2309.99,-3.64
MMR-58042,MMR-58042,Mastodon LS Exhaust Manifold Gasket Kit LS,876.35,879.99,+3.64
ALT-4456,ALT-4456,12v 124a SBC Alternator Late Model 4 Pin,3466.35,3469.99,+3.64
SO144,SO144,Enginetech Ford Rear Main Seal,336.38,339.99,+3.61
MMR-2931,MMR-2931,Mastodon Aluminium Radiator -3 Row Ford 30″,5253.59,5249.99,-3.60
ARP 234-2503,ARP 234-2503,ARP Balancer Bolts,843.58,839.99,-3.59
MMR-7000-C,MMR-7000-C,"Mastodon 7″Dual Brake Booster,Chrome",3096.40,3099.99,+3.59
BB214 STD,BB214 STD,Enginetech Ford 289302 Windsor Rod Bearing (Standa,986.41,989.99,+3.58
MM6GSETEVOBR,MM6GSETEVOBR,"6 Gauge Set, Blue and Red LCD Display",13413.54,13409.99,-3.55
MMR-81002,MMR-81002,GM Saginaw Power Steering Pump Mastodon,3986.45,3989.99,+3.54
MMR-38021-BL,MMR-38021-BL,"Mastodon Spark Plug Wire Set 8.5mm 180 Deg, Blue",946.45,949.99,+3.54
MMR-38020-BL,MMR-38020-BL,Mastodon Spark Plug Wire Set,946.45,949.99,+3.54
MMR-38021-BK,MMR-38021-BK,"Mastodon Spark Plug Wire Set, Universal",946.45,949.99,+3.54
MMR-3814,MMR-3814,Mastodon Header Gasket For 58-78 Big Block Chrysler,146.46,149.99,+3.53
MMR-3813,MMR-3813,Mastodon Header Gasket For 75-91 Small Block Chrysler,146.46,149.99,+3.53
MMR-11361,MMR-11361,"Mastodon Valve Cover Breather, Push Style",193.52,189.99,-3.53
MMR-32030,MMR-32030,Mastodon Water Neck,236.46,239.99,+3.53
PK-NWA11593B,PK-NWA11593B,"Depo Racing Tachometer, 115mm, LED, 0-10 000 rpm",5366.46,5369.99,+3.53
MMR-1626,MMR-1626,Mastodon Racing Radiator Cap,106.48,109.99,+3.51
MMR-02069,MMR-02069,Mastodon Assorted Vacuum Line Cap Kit,103.50,99.99,-3.51
BB608J30,BB608J30,Enginetech Big end Bearing 351 Windsor,593.48,589.99,-3.49
BB608J40,BB608J40,Enginetech Big end Bearing 351 Windsor,593.48,589.99,-3.49
BB608J20,BB608J20,Enginetech Big end Bearing 351 Windsor,593.48,589.99,-3.49
MMR-49014,MMR-49014,Mastodon Mechanical Fuel Pump 6 PSI BBF 429/460,856.53,859.99,+3.46
EDL-7280,EDL-7280,"Edelbrock Gaskets for Intake Manifold, Pontiac, 32",383.44,379.99,-3.45
HUS-3162014,HUS-3162014,Hurst Pistol-Grip Quarter Stick Shifter C4/C6,11343.44,11339.99,-3.45
MMR-12037,MMR-12037,Mastodon LS Engine 36″ Stainless Braided Throttle Cable,646.55,649.99,+3.44
MMR-25100,MMR-25100,SBC 3 Groove Pulley LWP Aluminium Mastodon,1016.55,1019.99,+3.44
MMR-12036,MMR-12036,SS Braided Flex Kickdown Transmission Cable for Chrysler 904,646.55,649.99,+3.44
MMR-25025,MMR-25025,Mastodon Chrome Low Mount Alternator Bracket SBC,646.55,649.99,+3.44
MMR-12033-BL,MMR-12033-BL,Mastodon 24 Inch Universal Braided Throttle Cable Black,646.55,649.99,+3.44
MMR-12033,MMR-12033,Mastodon 24 Inch Universal Braided Throttle Cable,646.55,649.99,+3.44
MMR-12006,MMR-12006,Mastodon Braided Kickdown Cable for Chrysler 727,646.55,649.99,+3.44
MMR-12007,MMR-12007,Mastodon Braided Kickdown Cable for TH700-R4,646.55,649.99,+3.44
MMR-AT39020-C,MMR-AT39020-C,Mastodon Chrome Stainless Steel Engine Oil Dipstick SBC,436.56,439.99,+3.43
NO.94,NO.94,Prosport Universal Fuel Tank Float,173.39,169.99,-3.40
MMR-1009-SL,MMR-1009-SL,"Mastodon Throttle Body GM, LS 92mm, for LSXR Intake",3676.60,3679.99,+3.39
MMR-7101,MMR-7101,Mastodon 12 inch Oval Reusable Air Filter Element,446.60,449.99,+3.39
ARP 134-2501,ARP 134-2501,ARP Damper Harmonic Balancer Bolt Kit SBC,2273.37,2269.99,-3.38
MMR-11135,MMR-11135,Mastodon 90 Degree Water Pump Fitting 5/8 Hose,286.61,289.99,+3.38
MMR-58011,MMR-58011,Mastodon 2.5″ Reusable Copper Header Gaskets SBC/BBC (Pair),263.36,259.99,-3.37
HLY-6-519-2,HLY-6-519-2,"HOLLEY Needle Steel Seat Size 0.150, Adjustable",1376.63,1379.99,+3.36
HLY-26-105,HLY-26-105,Holley Performance Vacuum Cap Assortment,1013.33,1009.99,-3.34
WA6037B(C),WA6037B(C),"Prosport Performance Water Temperature Gauge, 60mm",2166.65,2169.99,+3.34
MMSMTA-24FT,MMSMTA-24FT,RPM Signal Filter 24,156.66,159.99,+3.33
MMR-LY-HL-001-X-CH,MMR-LY-HL-001-X-CH,Mastodon Chrome 7 inch LED Headlight,1106.67,1109.99,+3.32
MMR-8513P,MMR-8513P,Mastodon Steering Column,6516.67,6519.99,+3.32
KD1150,KD1150,K24 Adjustable EP3 Style Idler Pulley & Belt Kit f,3066.67,3069.99,+3.32
EDL-4449,EDL-4449,Edelbrock Signature Series Chrome Valve Covers,1393.29,1389.99,-3.30
MMR-58005,MMR-58005,Mastodon BBC Steel Core Rubber Valve Cover Gasket,323.29,319.99,-3.30
MMR-58004,MMR-58004,Mastodon Ford Fe Steel Core Rubber Valve Cover Set,323.29,319.99,-3.30
MMR-58006-R,MMR-58006-R,Mastodon SBF Ford Window Rubber Valve Cover Gasket,323.28,319.99,-3.29
MMR-13137,MMR-13137,Mastodon GM Chrome Door Window Crank Handle Pair S,323.28,319.99,-3.29
121807,121807,Horn Button 6 Bolt Plastic,323.28,319.99,-3.29
MMR-09057,MMR-09057,Mastodon Red Male Dist Cap & Rotor SBC,516.71,519.99,+3.28
MMR-80842,MMR-80842,"Mastodon GM Automatic Shifter, Pro Ratchet, Aluminum",12696.72,12699.99,+3.27
ARP 129-0901,ARP 129-0901,ARP Bellhousing Bolt Kits,626.75,629.99,+3.24
MMR-38023,MMR-38023,Mastodon High-Performance Plug Wires 8mm Ceramic 180-Deg,1993.23,1989.99,-3.24
P1534-8-00,P1534-8-00,Enginetech SBC Flat top pistons,7946.76,7949.99,+3.23
MMR-190,MMR-190,"Mastodon Power Steering Pulley, GM, Aluminium 1 V",913.22,909.99,-3.23
CC-7502-16,CC-7502-16,"COMP Cams Pushrods, Chromoly, Heat-Treated, 5/16 i",5983.20,5979.99,-3.21
CC-7693-16,CC-7693-16,COMP Cams Magnum Pushrods,5983.20,5979.99,-3.21
P1526-8-0,P1526-8-0,Enginetech Piston Ford Flat Top 4BBL 289/302 Winds,4066.78,4069.99,+3.21
P1526-8-20,P1526-8-20,Enginetech Piston Ford 351 Windsor,4066.78,4069.99,+3.21
P1526-8-30,P1526-8-30,Enginetech Piston Ford 351 Windsor,4066.78,4069.99,+3.21
P1526-8-40,P1526-8-40,Enginetech Piston Ford Flat Top 4BBL 289/302 Winds,4066.78,4069.99,+3.21
P1526-8-60,P1526-8-60,Enginetech Pistons Ford 351 Windsor,4066.78,4069.99,+3.21
MMR-25030,MMR-25030,Mastodon Pump Bracket,1073.18,1069.99,-3.19
MMR-100106,MMR-100106,Mastodon Alternator 1 Wire 140 Amp V-belt – Chrome,3216.81,3219.99,+3.18
MMR-25027,MMR-25027,"Mastodon Accessory Brackets, Gm Small Block Saginaw Adj",603.15,599.99,-3.16
MMR-3252701-RAW,MMR-3252701-RAW,Mastodon Intake Manifold Performer EPS,5383.15,5379.99,-3.16
TS163X,TS163X,Tim Set GM Chevy 283 305 327 350 383 400 Dbl Rl 3 K,2436.86,2439.99,+3.13
MMR-SBC-180-PRO,MMR-SBC-180-PRO,Mastodon SBC 180CC Cylinder Head Assembled,25523.10,25519.99,-3.11
MMR-7702,MMR-7702,Ready to Run Distributor Ford Windsor 302,3983.09,3979.99,-3.10
MMR-8491-P,MMR-8491-P,Mastodon 2-1/4 Inch Finned Transmission Oil Pan TH350,2456.91,2459.99,+3.08
MMR-235012,MMR-235012,Mastodon Aluminum Roller Rocker Arms SBF 351/302 Windsor,5163.07,5159.99,-3.08
MMR-9152,MMR-9152,"Mastodon Radiator 24″ 3-Row, Ford",4983.07,4979.99,-3.08
MMR-6066-NE,MMR-6066-NE,Mastodon Fender Washer Neochrome,73.01,69.99,-3.02
MMR-1609ABK-2BK,MMR-1609ABK-2BK,Mastodon Washable Full Flow Round Air Filter BK,1546.97,1549.99,+3.02
MMR-25104,MMR-25104,Mastodon SBC Lower Double Groove Pulley Long Water Pump,896.97,899.99,+3.02
EDL-4264,EDL-4264,Edelbrock Elite Series Valve Covers Ford,3882.98,3879.99,-2.99
MMR-3303,MMR-3303,Mastodon Ignition Switch Panel Type C Carbon Fibre,1102.98,1099.99,-2.99
216EVOFL-PK-R,216EVOFL-PK-R,"Depo Racing Fuel Gauge, 60mm, LED",2252.98,2249.99,-2.99
MMR-09052,MMR-09052,Mastodon Air Cleaner Spacers 1 ” Aluminium,387.04,389.99,+2.95
LOK-KDP-2350HT,LOK-KDP-2350HT,Lokar Hi-Tech Chevy Carburetor TH350 Automatic Kickdown,3087.05,3089.99,+2.94
LOK-KDP-20C6HT,LOK-KDP-20C6HT,Lokar Hi-Tech Ford Carburetor C6 Automatic Kickdown,3087.05,3089.99,+2.94
MMR-128582,MMR-128582,Mastodon Lower Swivel Column Mounts,907.05,909.99,+2.94
EDL-4603,EDL-4603,Edelbrock Signature Series Valve Covers 289-351 Winsor,1952.92,1949.99,-2.93
MMR-3202,MMR-3202,Mastodon SBC Vortec Intake Manifold,4327.07,4329.99,+2.92
MMR-9588-C,MMR-9588-C,Mastodon Flexplate Dust Cover Vented (GM TH350/TH400),1102.91,1099.99,-2.92
MMR-25093,MMR-25093,Mastodon Battery Hold Down Mount Billet,1487.08,1489.99,+2.91
MMR-25039,MMR-25039,Mastodon Universal LS Engine Motor Mounts,1487.08,1489.99,+2.91
MMR-43011,MMR-43011,Mastodon LS Swap Mounts SA – Red Poly Engine,1487.08,1489.99,+2.91
MMR-25106,MMR-25106,Mastodon Billet Aluminium Ford 351C Alternator Bra,1487.08,1489.99,+2.91
MMR-8236,MMR-8236,Mastodon Universal Window Handles 3 inch Chrome,292.89,289.99,-2.90
MM6GSETESP-CG-GPS,MM6GSETESP-CG-GPS,6 Gauge Set Classic White with orange needle,8582.89,8579.99,-2.90
20-854,20-854,Canton Racing Braided Engine Dipstick SS,1737.11,1739.99,+2.88
CC440,CC440,Enginetech Ford Windsor Cam Bearing,727.13,729.99,+2.86
MMR-91611285-RAW,MMR-91611285-RAW,"Mastodon Intake Manifold, SBC, Dual Plane, Black",5917.13,5919.99,+2.86
CR-15-751,CR-15-751,Canton Racing 15-751 Oil Pump Pickup Big Block For,1302.84,1299.99,-2.85
GW-EW004-63,GW-EW004-63,Exhaust Cut Out 63mm,2387.14,2389.99,+2.85
MMR-32006,MMR-32006,Dual Electric Fan Control Harness South Africa,597.15,599.99,+2.84
MMR-50011,MMR-50011,Mastodon Ignition Coil,812.80,809.99,-2.81
MMR-6118,MMR-6118,Mastodon LS2 6.0L Engine Gasket Set,4777.18,4779.99,+2.81
MMR-6117,MMR-6117,Mastodon LS1 5.7L Engine Gasket Set,4777.18,4779.99,+2.81
BC200J25,BC200J25,Enginetech Ford 289/302 Windsor Rod Bearing,472.78,469.99,-2.79
MMR-75024,MMR-75024,"Mastodon Valve Cover, Aluminum LS",6657.21,6659.99,+2.78
MMR-34042,MMR-34042,Mastodon Rubber Shifter Boot Round,287.21,289.99,+2.78
MMR-33015,MMR-33015,Mastodon GM Ignition Module,287.21,289.99,+2.78
IS84A,IS84A,Enginetech Ford 351 Cleveland Oil Pump Shaft,217.22,219.99,+2.77
MMR-11076,MMR-11076,Mastodon Camaro Hood Bumper Stopper Pair,262.74,259.99,-2.75
MMR-055,MMR-055,Mastodon Universal Manual Master Cylinder Rod Kit,522.72,519.99,-2.73
MMR-076,MMR-076,TH350 Stainless Steel Kick Down Cable,522.72,519.99,-2.73
MMR-083,MMR-083,Mastodon 36 Inch Universal Braided Throttle Cable,522.72,519.99,-2.73
MMR-081,MMR-081,"Mastodon Universal Throttle Cable, 24 Inch, S/S Br",522.72,519.99,-2.73
MMR-075,MMR-075,"Mastodon Transmission Kickdown Cable, Ford C6 And C4",522.72,519.99,-2.73
F351W-7,F351W-7,Enginetech Gasket Set 351W,1632.71,1629.99,-2.72
MMR-BD-5560-,MMR-BD-5560-,"Mastodon Disc Brake Rotor (Ventilated, Drilled & Slotted)",1752.68,1749.99,-2.69
MMR-3186-BK,MMR-3186-BK,Mastodon Fan with Curved Blades 10inch 80W,452.67,449.99,-2.68
MMR-48319,MMR-48319,Mastodon Universal U bolts 1 1/16 Cap,192.66,189.99,-2.67
MMR-48314,MMR-48314,Mastodon Universal Drive Shaft U bolts 1-1/8 Inch,192.66,189.99,-2.67
EDL-5767,EDL-5767,Edelbrock Sure Seat Valve Springs,862.66,859.99,-2.67
ARP 134-3601,ARP 134-3601,ARP High Performance Series Cylinder Head Bolt Kit,4562.65,4559.99,-2.66
MMR-LY-BT-001B,MMR-LY-BT-001B,Mastodon 7 Bracket (Black),357.33,359.99,+2.66
MMR-LY-BT-5.75 B,MMR-LY-BT-5.75 B,Mastodon 5.7 Bracket (Black),357.33,359.99,+2.66
MMR-1614ACR-3RD,MMR-1614ACR-3RD,Mastodon Full Flow 14″Round Air Filter Assem Kit R,2062.62,2059.99,-2.63
TS430X,TS430X,Enginetech Timing Set Ford 302 Windsor,3122.61,3119.99,-2.62
MMR-8859,MMR-8859,Mastodon SBC Lower Triple Groove Pulley For Long W,837.37,839.99,+2.62
MMR-6061-A,MMR-6061-A,Mastodon Steering Wheel Adapter 6 Holes Polished,1287.38,1289.99,+2.61
MMR-6104-B,MMR-6104-B,Mastodon Steering Wheel Adapter 9 Holes Black,1287.38,1289.99,+2.61
MMR-3905-H-BK,MMR-3905-H-BK,Mastodon Billet Hood Hinges 64-66 Mustang,7312.59,7309.99,-2.60
MMR-3904-H,MMR-3904-H,Mastodon Billet Hood Hinges Camaro 67-69,7312.59,7309.99,-2.60
MMR-3905-H-SL,MMR-3905-H-SL,Mastodon Billet Hood Hinges 64-66 Mustang,7312.59,7309.99,-2.60
MMR-58049-A,MMR-58049-A,Mastodon 1/2 Carburettor Spacer For 4Bb,452.59,449.99,-2.60
MMR-4142,MMR-4142,Mastodon 2inch Stainless Steel V-Band Flange Clamp,647.40,649.99,+2.59
PK10B,PK10B,Enginetech Cleveland Plug Kit,307.42,309.99,+2.57
MMR-11261,MMR-11261,Mastodon LS Vent Tube Bypass Seal Gasket (LS Swap),232.55,229.99,-2.56
MMR-11373,MMR-11373,"Mastodon Oil Breather Cap, Twist On, Chrome,",177.45,179.99,+2.54
MMR-7604,MMR-7604,Mastodon SBF Windsor Fuel Pump Block Off Plate,167.47,169.99,+2.52
MMR-9512,MMR-9512,Mastodon High-Volume Fan 16″,862.50,859.99,-2.51
MMR-36-43050,MMR-36-43050,Mastodon 0.25mm oversized Jeep 3.6 Main Bearing,1437.50,1439.99,+2.49
MMR-FSS-8001,MMR-FSS-8001,Mastodon Starter 12V 9T Ford F100/F250 USA Short Nose,6727.50,6729.99,+2.49
MMR-206,MMR-206,Mastodon Shifter Boot Small Round Black Rubber,327.51,329.99,+2.48
MMR-204,MMR-204,Mastodon Rubber Shifter Boot with Plate (Chrome),327.51,329.99,+2.48
MMR-105,MMR-105,"Mastodon Throttle Return Spring Kit, Chrome",327.51,329.99,+2.48
CC-7831-16,CC-7831-16,"COMP Cams High Energy Pushrods High Energy, Steel,",1622.45,1619.99,-2.46
CC-7812-16,CC-7812-16,COMP Cams High Energy Pushrods Steel Heat-Treated,1622.45,1619.99,-2.46
MMR-31921,MMR-31921,"Mastodon Disc Brake Kit With E-Brake, 9 Inch Bolt-",14752.45,14749.99,-2.46
BLK3504STDSJ,BLK3504STDSJ,"Engine Block, 350, 4 Bolt Main, Std",14197.53,14199.99,+2.46
BLK4004BLT030STDSJ,BLK4004BLT030STDSJ,"Engine Block, 400,4 bolt Main,030",14197.53,14199.99,+2.46
MMR-8591,MMR-8591,Mastodon Short Shift Gear Lever Kit,1392.43,1389.99,-2.44
MMR-25099,MMR-25099,"Mastodon, 2 Groove Crankshaft Pulley, LWP",1122.43,1119.99,-2.44
MMR-8854,MMR-8854,Mastodon SBC Upper Long Water Pump Pulley Single Groove,502.42,499.99,-2.43
MMR-9544-A,MMR-9544-A,Mastodon Stainless Steel 48 Heater Hose Kit,1427.56,1429.99,+2.43
BC293J030,BC293J030,Enginetech Ford 351 Cleveland Main Bearing (0.30mm,1432.41,1429.99,-2.42
MMR-58023,MMR-58023,Mastodon Aluminum Carb Spacers & Adapters Holley,1192.41,1189.99,-2.42
MMR-49016,MMR-49016,Mastodon Mechanical Fuel Pump Ford 351 Cleveland,1192.41,1189.99,-2.42
MMR-6181,MMR-6181,Mastodon Tall Alum Finned Valve Cover 1958-86 SBC w/ Hole,3087.58,3089.99,+2.41
MMR-2001,MMR-2001,Mastodon Chevy LS Starter 12V 9T 10MT Chevrolet,8067.62,8069.99,+2.37
P1525-30,P1525-30,Enginetech 351C Dish Top Pistons,3447.65,3449.99,+2.34
P1525-40,P1525-40,Enginetech 351C Pistons,3447.65,3449.99,+2.34
P1525-60,P1525-60,Enginetech 351C Top Pistons,3447.65,3449.99,+2.34
MMR-GW-007,MMR-GW-007,"Mastodon Block Hugger Headers, Chevy LS1-LLS6 T SS",7097.66,7099.99,+2.33
TS358,TS358,Enginetech Timing Set Ford Windsor 2-Piece Seal,582.30,579.99,-2.31
MMR-0132-S,MMR-0132-S,LS V8 Aluminum High Performance Intake Manifold,7977.68,7979.99,+2.31
MMR-11202,MMR-11202,Mastodon Sbc Bronze Dist Gear 500,622.30,619.99,-2.31
MMR-11201,MMR-11201,Mastodon Sbc Bronze Dist Gear 491,622.30,619.99,-2.31
MMR-PD-002-BLACK,MMR-PD-002-BLACK,Mastodon Pedal Bracket Assembly Black,2097.69,2099.99,+2.30
MMR-235037,MMR-235037,Mastodon SBF Aluminum Rocker Arms 1.6 Ratio 3/8inch,6142.28,6139.99,-2.29
MMR-235009,MMR-235009,Mastodon Aluminium Rocker Arms BBC 454 1.6,6142.28,6139.99,-2.29
BC296J030,BC296J030,EngineTech Main Bearing GM Chevy,847.73,849.99,+2.26
MMR-8442,MMR-8442,Mastodon Driver Side Aluminum Dipstick 58-79 SBC,2877.73,2879.99,+2.26
KD2020,KD2020,K&N Apollo Closed Air Intake System Universal,1022.22,1019.99,-2.23
MMR-20047-BK,MMR-20047-BK,"Mastodon Air Cleaner Filter Element, Washable",332.20,329.99,-2.21
MMR-20047-R,MMR-20047-R,"Mastodon Air Cleaner Filter Element, Washable",332.20,329.99,-2.21
MMR-HEI-060,MMR-HEI-060,Mastodon H.E.I. Distributor Cap 8 Cylinder,132.20,129.99,-2.21
TSC-7007C-1,TSC-7007C-1,"32″ Tilt Steering Column, Manual, No Key Without A",6982.19,6979.99,-2.20
TSC-7005C-1,TSC-7005C-1,"28″ Steering Column, Manual, No Key Without Adap",6982.19,6979.99,-2.20
W-120-12069-BK,W-120-12069-BK,"Wilwood Parking Brake Caliper – MC4 Mechanical, 1/8-2 Inch",2812.18,2809.99,-2.19
M192704455679,M192704455679,4 Steering Tie Rod Ends 1964-69 Plymouth Barracuda,5042.18,5039.99,-2.19
MMR-Q08,MMR-Q08,Automatic Transmission Mount Hi-Tech Shifter,11427.81,11429.99,+2.18
MMR-25081,MMR-25081,Mastodon Billet Aluminum Spark Plug Wire Looms Small Block C,1232.16,1229.99,-2.17
MMR-811,MMR-811,Mastodon Finned Oval Breather With PCV,1177.83,1179.99,+2.16
MMR-225,MMR-225,Mastodon Engine Oil Dipstick Flexible SS,912.13,909.99,-2.14
RAM-BU656,RAM-BU656,Mastodon Pilot Bushings,592.12,589.99,-2.13
MMR-73001,MMR-73001,Mastodon Intake Manifold BBC with Oval Ports,7112.11,7109.99,-2.12
MMR-74026,MMR-74026,Mastodon Intake Manifold Small Block Ford 302 V8 – Satin,7112.11,7109.99,-2.12
MMR-3808,MMR-3808,Mastodon Header Gasket For 62-95 Small Block Ford,717.89,719.99,+2.10
LOK-KDP-2727HT,LOK-KDP-2727HT,Lokar Hi-Tech kickdown kit – Chrysler Carburetor Torqueflite,3147.90,3149.99,+2.09
BB607J00,BB607J00,Enginetech Ford 351 Cleveland Rod Bearings,1212.07,1209.99,-2.08
MMR-28149,MMR-28149,Mastodon Rubber Stopper Kit + Hood Adjusters Camar,387.93,389.99,+2.06
MMR-21074,MMR-21074,Mastodon Universal Hydraulic Brake Light Switch In,387.93,389.99,+2.06
412SMTASWL270-PK,412SMTASWL270-PK,"Prosport Performance Tachometer, 115mm",4937.93,4939.99,+2.06
MMR-3802,MMR-3802,Mastodon Header Gasket For 55-91 Small Block Chevy,447.94,449.99,+2.05
MMR-PF9-3.00,MMR-PF9-3.00,"Mastodon Ring & Pinion Set, Ford 9 Inch, 3.00",7242.04,7239.99,-2.05
MMR-PF9-3.70,MMR-PF9-3.70,"Mastodon Ring & Pinion Set, Ford 9 Inch, 3.70",7242.04,7239.99,-2.05
MMR-PF9-3.50,MMR-PF9-3.50,"Mastodon Ring & Pinion Set, Ford 9 Inch, 3.50",7242.04,7239.99,-2.05
ARP 200-2902,ARP 200-2902,ARP SBC,1717.96,1719.99,+2.03
MMR-45321,MMR-45321,65000 Volt HEI Distributor Ignition Coil Mastodon,402.02,399.99,-2.03
MMR-4917000-BK,MMR-4917000-BK,"Mastodon Parking Brake Ass, Floor Mount, 11 Inch,",3012.01,3009.99,-2.02
MMR-4917000-C,MMR-4917000-C,"Mastodon Parking Brake Ass, Floor Mount, 11 Inch,",3012.01,3009.99,-2.02
SCE-4219,SCE-4219,SCE Gaskets LS Exhaust Pro Copper Embossed Exhaust,1887.97,1889.99,+2.02
MMR-28150,MMR-28150,Mastodon Chevy hood Stopper,317.98,319.99,+2.01
MMR-58046-C,MMR-58046-C,Mastodon Valve Cover SBC Cork,317.98,319.99,+2.01
MMR-39019-SS,MMR-39019-SS,stainless steel flexible dipstick – Driver Side SBC,552.00,549.99,-2.01
M011,M011,Coyote Pulley Set,32292.00,32289.99,-2.01
MMR-25005,MMR-25005,Mastodon Alternator Bracket Kit,907.99,909.99,+2.00
MMR-150107,MMR-150107,Mastodon GM Denso Starter Truk,3681.97,3679.99,-1.98
MMR-UJ002,MMR-UJ002,"Mastodon U-Joint, 9/16-26 X 3/4″-Dd",718.04,719.99,+1.95
MMR-UJ005,MMR-UJ005,"Mastodon U-Joint, 3/4-36 X 3/4″-36",718.04,719.99,+1.95
UJ006,UJ006,"U-Joint, 3/4-36 X 3/4″-Dd",718.04,719.99,+1.95
MMR-25026,MMR-25026,Power Steering Pump Mounting Bracket SBC Mastodon,581.90,579.99,-1.91
MMR-62003-B,MMR-62003-B,Mastodon Black Sb Chevy Timing Chain Cover Kit,581.90,579.99,-1.91
MMR-39015,MMR-39015,700R4 Transmission Dipstick Flexible SS Chevy,581.90,579.99,-1.91
MMR-25095,MMR-25095,Mastodon SBC Billet Aluminium SWP Pulley,581.90,579.99,-1.91
MMR-32017,MMR-32017,Mastodon Sbc Chrome Thermostat Housing,631.88,629.99,-1.89
MMR-28137,MMR-28137,Mastodon Valve Seals SBC,238.10,239.99,+1.89
MMR-11369-BK,MMR-11369-BK,"Mastodon Valve and Grommet, Billet Aluminum",541.87,539.99,-1.88
Z-8939B,Z-8939B,Zeus Clips,68.11,69.99,+1.88
TS358A,TS358A,Enginetech Ford Windsor Timing Set For 1 Piece Fue,561.86,559.99,-1.87
MMR-LY-HL-002-X-CH,MMR-LY-HL-002-X-CH,Mastodon 7 inch LED Headlight White Amber Halo Chro,1328.15,1329.99,+1.84
MMR-TH350-S,MMR-TH350-S,Mastodon Tail Housing Seal TH350 Gearbox,201.83,199.99,-1.84
MMR-45018,MMR-45018,Mastodon Universal Steering U Joint,891.83,889.99,-1.84
AP-7600 KIT-RED,AP-7600 KIT-RED,AP Racing 4 Pot Piston Disc Brake Kit – Red,22381.81,22379.99,-1.82
AP-7600 KIT-BK,AP-7600 KIT-BK,AP Racing 4 Pot Piston Disc Brake Kit – Black,22381.79,22379.99,-1.80
MMR-45014,MMR-45014,"Mastodon Steering U Joint Coupler, 3/4-36 Spline X",638.19,639.99,+1.80
MMR-22023-C,MMR-22023-C,Mastodon Radiator Hose Kit with Aluminum Caps 48′,1548.19,1549.99,+1.80
MMR-20092,MMR-20092,Mastodon Fuel Filter (3/8″)Inlet/Outlet,151.78,149.99,-1.79
MMR-NR172/3,MMR-NR172/3,Mastodon Brake Caliper with E-Brake option,5488.20,5489.99,+1.79
MMR-11371,MMR-11371,Mastodon SBC Chevy Brass Freeze Plug Kit,368.23,369.99,+1.76
MMR-3902-BK,MMR-3902-BK,"Mastodon Hood Hinge, 1971-1973 Mustang, Billet Alu",9301.74,9299.99,-1.75
MMR-8850,MMR-8850,Mastodon SBC Short Water Pump Pulley Single Groove,558.24,559.99,+1.75
TSC-7003C-1,TSC-7003C-1,"32″ Tilt Steering Column, Automatic, No Key Withou",7688.26,7689.99,+1.73
MMR-3902-SL,MMR-3902-SL,Mastodon Aluminium Hood Hinges (1971-1973 Mustang),9301.71,9299.99,-1.72
MMR-DL*890,MMR-DL*890,Mastodon Trunk Opener Kit,551.71,549.99,-1.72
MMR-3906-SL,MMR-3906-SL,Mastodon Aluminium Hood Hinges 1970-1981 Camaro,9301.71,9299.99,-1.72
FRA-203,FRA-203,Pioneer Flexplates,2238.27,2239.99,+1.72
MMR-3904-SL,MMR-3904-SL,"Mastodon Hood Hinge, 1967-1969 Camaro, Billet Alum",9301.71,9299.99,-1.72
EP83,EP83,Enginetech Oil Pump 351 Windsor,3438.29,3439.99,+1.70
MMR-39038,MMR-39038,Mastodon C4 Chrome Steel Transmission Dipstick,408.31,409.99,+1.68
MMR-COVER,MMR-COVER,Mastodon Plastic Car Cover,121.65,119.99,-1.66
BC240 STD,BC240 STD,Main Bearing Ford 302,698.34,699.99,+1.65
MMR-47026,MMR-47026,Mastodon Alternator Bracket,348.35,349.99,+1.64
MMR-47025,MMR-47025,Mastodon Alternator Bracket,348.35,349.99,+1.64
MMR-58046-R,MMR-58046-R,"Mastodon SBC Valve Cover Gasket, Steel Core, Rubber",348.35,349.99,+1.64
MMR-SBC195IV,MMR-SBC195IV,Mastodon SBC 195 Intake Valve Size 2.08 4.91 Stem 8.0mm,411.62,409.99,-1.63
MMR-SBC180EV,MMR-SBC180EV,Mastodon SBC 180 Exhaust Valve Size 1.6 L 4.91 Stem 11/32,411.62,409.99,-1.63
MMR-SBC180IV,MMR-SBC180IV,Mastodon SBC 180 Intake Valve Size 2.02 L 4.91 Stem 11/32,411.62,409.99,-1.63
MMR-1112-P,MMR-1112-P,Mastodon 600CFM Carburetor [Holley-Style],6891.61,6889.99,-1.62
P1534-8-060,P1534-8-060,PISTON GM Chevy 5.7L 350 FLAT TOP,7788.38,7789.99,+1.61
BB214J010,BB214J010,Enginetech Ford 289302 Windsor Rod Bearing (0.10mm,1081.60,1079.99,-1.61
MMR-5040-SR,MMR-5040-SR,"Mastodon Aluminum Billet Fuel Cell Cap, Silver",1218.38,1219.99,+1.61
MMR-5040-BK,MMR-5040-BK,"Mastodon Aluminum Billet Fuel Cell Cap, Black",1218.38,1219.99,+1.61
MMR-5044,MMR-5044,Mastodon Fuel Tank Cap BLACK,1218.38,1219.99,+1.61
BLK2804STDSJ,BLK2804STDSJ,"Engine Block, 283, 2 Bolt Main, Std",7301.59,7299.99,-1.60
98412,98412,Howards Cams Performance Street/Strip Valve Spring,5001.59,4999.99,-1.60
MMR-3257564,MMR-3257564,Mastodon RPM Air Gap Intake Manifold Ford 351C,11121.57,11119.99,-1.58
MMR-28129,MMR-28129,Mastodon LS/LQ Viton Valve Seals,228.41,229.99,+1.58
MMR-32024,MMR-32024,Mastodon LS 160 DEG Thermostat,228.41,229.99,+1.58
MMR-28130,MMR-28130,Mastodon SBC Viton Valve Stem Seal 16set,228.41,229.99,+1.58
MMR-SP010-BL-SL,MMR-SP010-BL-SL,"Mastodon Starter Switch, Column Ignition Starter S",408.42,409.99,+1.57
MMR-25138,MMR-25138,Mastodon Weld-In Motor Mounts for SBC Engine Swaps,1228.45,1229.99,+1.54
MMR-25007,MMR-25007,Mastodon Steel Throttle Return Bracket Kit Holley,258.45,259.99,+1.54
P1534-8-040,P1534-8-040,Enginetech Chevy 350 Flat Top Piston Set 0.040inch,9308.47,9309.99,+1.52
MMR-0S01280-SR,MMR-0S01280-SR,Mastodon SBC Pulley Kit (D),8518.49,8519.99,+1.50
MMR-049-302,MMR-049-302,Mastodon HEI Ford Small Block Windsor,2421.45,2419.99,-1.46
MMR-049-351,MMR-049-351,HEI Ignition Distributor 65K Coil,2421.45,2419.99,-1.46
FEL-1211,FEL-1211,Fel-Pro Performance Intake Manifold Gasket Sets,1021.43,1019.99,-1.44
MMR-BBC-315-PRO,MMR-BBC-315-PRO,Mastodon BBC 315 Cylinder Head Assembled,39201.41,39199.99,-1.42
MMR-25024,MMR-25024,Mastodon Polished Aluminum Timing Tab SBC 305/327/350,541.41,539.99,-1.42
37968,37968,United Pacific LED Aux Light,461.41,459.99,-1.42
MMR-02065BK,MMR-02065BK,Mastodon Black 7mm/8mm Spark Plug Wire Separators,58.58,59.99,+1.41
A-2257,A-2257,"Anchor Industries EngineMounts, Ford 289, 302, 351",1221.39,1219.99,-1.40
BC115J STD,BC115J STD,Enginetech Chrysler 5.7L Main Bearing (Standard),838.59,839.99,+1.40
BC115J25,BC115J25,Enginetech Chrysler 5.7L Main Bearing (0.25mm),838.59,839.99,+1.40
PK9B,PK9B,Enginetech Windsor expansion plug kit,591.39,589.99,-1.40
CC448,CC448,Enginetech camshaft bearing 351 Cleveland,591.39,589.99,-1.40
MMR-PW-810,MMR-PW-810,"Mastodon Power Window Kit, 2 Door",2758.59,2759.99,+1.40
MMR-6002-A,MMR-6002-A,Mastodon 9 Bolt Billet Polished GM Hub Adapter,1231.39,1229.99,-1.40
MMR-3016,MMR-3016,Mastodon Steering Column Joint,778.60,779.99,+1.39
MMR-3001BL,MMR-3001BL,Mastodon Universal Ignition Wire Set 8.5mm 90 Degr,1148.61,1149.99,+1.38
MMR-11372,MMR-11372,Mastodon 1″ Aluminium Mechanical Fan Spacer Kit,258.62,259.99,+1.37
ARP 135-3707,ARP 135-3707,ARP High Performance Series Cylinder Head Bolt Kit,5421.35,5419.99,-1.36
KNDI-002,KNDI-002,V8 Distributor,1641.35,1639.99,-1.36
MMR-11350,MMR-11350,Ford Oil Sending Unit Extension Mastodon,471.34,469.99,-1.35
MMR-9190,MMR-9190,Mastodon Champion Radiator Upper Outlet Left 35 Lo,4781.30,4779.99,-1.31
BB607J020,BB607J020,Enginetech Ford 351 Cleveland Rod Bearing (0.20mm),598.69,599.99,+1.30
BB607J030,BB607J030,Enginetech Ford 351 Cleveland Rod Bearing (0.30mm),598.69,599.99,+1.30
BB607J10,BB607J10,Enginetech Ford 351 Cleveland Rod Bearing (0.10mm),598.69,599.99,+1.30
125-25,125-25,Holley Single Stage Valve STD,511.29,509.99,-1.30
MMR-Coil-Lu,MMR-Coil-Lu,Mastodon Coilovers Set for Lumina,37491.28,37489.99,-1.29
MMR-SBF-001,MMR-SBF-001,"Mastodon Intake Manifold, Dual Plane Aluminum,SBF",9041.28,9039.99,-1.29
MMR-7379,MMR-7379,Mastodon Hood Hinge 73-79 Ford Truck,23371.27,23369.99,-1.28
MMR-11360,MMR-11360,Mastodon Breather Pushin Round Chrome,198.73,199.99,+1.26
MMR-11363,MMR-11363,Mastodon Round Breather with Vent,198.73,199.99,+1.26
MMR-11144-B,MMR-11144-B,Mastodon SBC Fuel Pump Mounting plate + Gasket,198.73,199.99,+1.26
MMR-121810,MMR-121810,Mastodon Horn Button 6 Bolt Polished,341.24,339.99,-1.25
MMR-62010,MMR-62010,Mastodon Ford Sb Windsor Timing Chain Cover,1641.23,1639.99,-1.24
SI-AT26194,SI-AT26194,"Door Mirrors, ROund Bowtie, Outside",2128.75,2129.99,+1.24
BC293J020,BC293J020,MAIN BEARING FORD 5.8L 351 CLEVELAND,1281.20,1279.99,-1.21
MMR-8247-BK,MMR-8247BK,Classic 14″ Billet Steering Wheel Classic Mastodon,3771.20,3769.99,-1.21
MMR-DL-870,MMR-DL-870,"Mastodon Central Door Lock Kit, 2 Door",608.79,609.99,+1.20
MMR-36050678,MMR-36050678,"Mastodon Electric Power Steering, Volvo C30 / S40 / V50",9811.17,9809.99,-1.18
MMR-8247,MMR-8247,"Mastodon Billet Steering Wheel 14″ Satin Spoke, 9",3771.17,3769.99,-1.18
MMR-SBF-185-PRO,MMR-SBF-185-PRO,Mastodon SBF-185 Cylinder Head Ass,31851.15,31849.99,-1.16
MMR-91611285-STN,MMR-91611285-STN,"Mastodon Intake Manifold, Dual Plane SBC, Alum",8161.15,8159.99,-1.16
MMR-72028,MMR-72028,Mastodon Intake Manifold SBC – Satin 57-95,6788.83,6789.99,+1.16
MMR-LY-7-2G-004,MMR-LY-7-2G-004,Mastodon 7inch LED Headlight Black,1341.13,1339.99,-1.14
MMR-7007,MMR-7007,"Mastodon Spring Plates 3U bolts, 65-73 Mustang",2308.86,2309.99,+1.13
BB214J020,BB214J020,Enginetech Ford 289302 Windsor Rod Bearing Set (0.,1071.10,1069.99,-1.11
MMR-11092,MMR-11092,Mastodon Throttle Return Springs & Bracket Kit,128.88,129.99,+1.11
MMR-4434,MMR-4434,Mastodon Oil Cooler Mounting Bracket,408.89,409.99,+1.10
SUM-66256,SUM-66256,Summit Starter Bolt & Shim Kit SBC,638.89,639.99,+1.10
MMR-38006,MMR-38006,Mastodon High Heat Spark Plug Wires Set,678.90,679.99,+1.09
MMR-38005,MMR-38005,Performance LS1 Vortec Spark Plugs (Set) Mastodon,678.90,679.99,+1.09
MMR-75009,MMR-75009,"Mastodon Valve Covers, Tall Aluminium, Satin Black LS",3481.07,3479.99,-1.08
MMR-3302,MMR-3302,Mastodon Ignition Switch Panel Type B Carbon Fibre,1011.07,1009.99,-1.08
MMR-15007,MMR-15007,Mastodon 2×10 Stainless Steel Overflow Tank,571.02,569.99,-1.03
MMR-15006,MMR-15006,Mastodon 2×13 Stainless Steel Overflow Tank,571.02,569.99,-1.03
ASF-52,ASF-52,Motorcraft Autolite Spark Plugs,70.99,69.99,-1.00
EDL-4446,EDL-4446,Edelbrock Signature Series Chrome Valve Covers SBC,1480.98,1479.99,-0.99
MMR-34743,MMR-34743,Mastodon TH400/4L80E Extension Housing Oil Seal (Large) OD (,210.98,209.99,-0.99
MMR-GW-030,MMR-GW-030,"Mastodon Exhaust Header, S/S Short Chevy LS",5359.00,5359.99,+0.99
MMR-11131,MMR-11131,Mastodon SBC/BBC Chevy Oil Filter Adapter Spin-On,490.98,489.99,-0.99
MMR-7489,MMR-7489,Mastodon SBC Valve Cover Gasket Centre Bolt,290.97,289.99,-0.98
MMR-5124-B,MMR-5124-B,Mastodon Chevy LS 8mm 135 Degree Plug Boots BLACK,660.96,659.99,-0.97
MMR-51244-B,MMR-51244-B,Mastodon 8mm LS 8″ Ignition Wire with 180 Degree Plug Boots,660.96,659.99,-0.97
MMR-51245-R,MMR-51245-R,Mastodon LS Car 8mm Spark Plug 135 Degree Plug Boots Red,660.96,659.99,-0.97
MMR-51046-B,MMR-51046-B,"Mastodon LS Truck 8mm 10″ L, 135 Degree Plug Boots BK",660.96,659.99,-0.97
MMR-51046-R,MMR-51046-R,Mastodon LS Truck 8mm135 Degree Plug Boots R,660.96,659.99,-0.97
MMR-51244-R,MMR-51244-R,Mastodon 8mm LS 8″ Ignition Wire with 180 Degree Plug Boot,660.96,659.99,-0.97
MMR-11370,MMR-11370,SBF Brass Freeze Plug Kit (260-302) Mastodon,290.96,289.99,-0.97
MMR-11077,MMR-11077,Mastodon Intake Manifold Heater Hose 1/2 inch NPT F,199.05,199.99,+0.94
MMR-GW-033,MMR-GW-033,Mastodon Block Hugger LS Univ Ram Horns LS1-LS6,6289.06,6289.99,+0.93
MMR-SBC 195-PRO,MMR-SBC 195-PRO,Mastodon Pro Series SBC Cylinder Heads 195cc Intake (Pair),30509.07,30509.99,+0.92
MMR-6081,MMR-6081,Mastodon Quick Release Kit Hood Pin Pattern,149.07,149.99,+0.92
MMR-PRAUD,MMR-PRAUD,"Mastodon Under Dash, 90 Deg, Brake Master / Booste",6189.08,6189.99,+0.91
MMR-32008-BL,MMR-32008-BL,"Mastodon Water Neck, Black, SBC, BBC, Mopar",319.10,319.99,+0.89
MMR-UDB-090,MMR-UDB-090,Mastodon Under-Dash 90-Degree Brake,6189.12,6189.99,+0.87
MMR-8967,MMR-8967,Mastodon Alternator Pulley Delco Single Groove Chr,279.13,279.99,+0.86
MMR-39039,MMR-39039,Mastodon Chevy Th350 Chrome Steel Dipstick Transmi,430.84,429.99,-0.85
FT1502/10,FT1502/10,Smoothie Classic Steel Wheel 15 x 10 ETO,3820.84,3819.99,-0.85
MMR-3102,MMR-3102,Mastodon Exhaust Flame Thrower Kit,2239.15,2239.99,+0.84
MMR-3301,MMR-3301,Mastodon Ignition Switch Panel Type A Carbon Fibre,919.15,919.99,+0.84
MMR-43025,MMR-43025,Mastodon Subframe Body Mount Bushing Kit With Hard,1099.15,1099.99,+0.84
MMR-25013,MMR-25013,Mastodon Polished Alternator Bracket For Long Wate,790.83,789.99,-0.84
AP-7600,AP-7600,High Performance 4 Pot Discs SET,25940.81,25939.99,-0.82
MMR-50018,MMR-50018,"Mastodon Ignition Coil ,65K Volt",490.76,489.99,-0.77
MMR-13690,MMR-13690,Wheel Spinner 3 Bar,800.76,799.99,-0.77
EDL-7589,EDL-7589,Edelbrock Performer CRC Hemi Gen I Valve Cover Gasket,2640.75,2639.99,-0.76
MMR-75026,MMR-75026,"Mastodon Vintage Finned Valve Covers, GM LS, Hidden Coils",6029.23,6029.99,+0.76
MMR-11369,MMR-11369,"Mastodon PCV Valve and Grommet, 3/4″, Fits 1.25″ ID, Polishe",490.75,489.99,-0.76
KD2018,KD2018,K&N Cone Filter Short Type,340.75,339.99,-0.76
MMR-1009-BK,MMR-1009-BK,"Mastodon Throttle Body, 92Mm, Black",2320.72,2319.99,-0.73
BB253J030,BB253J030,Enginetech SBC Rod Bearing Large Journal (0.30mm),670.71,669.99,-0.72
MMR-UJ-3/4,MMR-UJ-3/4,Mastodon Universal U Joint Coupler 3/4 DD X 3/4 V Fit for,940.67,939.99,-0.68
BLK4002BLT040FB,BLK4002BLT040FB,"Engine Block 400, 2 Bolt Main, 040, Fresh Bore",12169.31,12169.99,+0.68
BLK460030,BLK460030,"Engine Block, Ford 460, 030. Block Only",12169.31,12169.99,+0.68
WHK-2100,WHK-2100,21 Circuit Wiring harness Kit with 20″ headlight,4119.33,4119.99,+0.66
MMR-FO-007,MMR-FO-007,"Mastodon Block Hugger Headers,Ford Windsor 289-351",5390.63,5389.99,-0.64
MMR-26422,MMR-26422,C4 Transmission Filter Internal,180.60,179.99,-0.61
P1501-8-030,P1501-8-030,Enginetech Piston Ford Flat Top 4BBL 289/302 Winds,2910.57,2909.99,-0.58
MMR-28082,MMR-28082,Mastodon GM Hydroboost Repair Kit 2771004,430.56,429.99,-0.57
MMR-39018,MMR-39018,Mastodon Stainless Flexible Oil Dipstick Small Block,430.56,429.99,-0.57
MMR-11214,MMR-11214,Mastodon Valve Cover Hold Downs Minitab 1-1/2″ 12PC,180.56,179.99,-0.57
KNDI-505,KNDI-505,351/460 Ford HEI PE331,2500.56,2499.99,-0.57
MMR-20047-BL,MMR-20047-BL,"Mastodon Air Cleaner Filter Element, 14″x3″ , Blue",350.53,349.99,-0.54
MMR-25107,MMR-25107,Mastodon Ls1 Billet Aluminium Manual Belt Tensioner,840.52,839.99,-0.53
MMR-25096,MMR-25096,Mastodon Sbc Double Groove Swp Pulley,840.52,839.99,-0.53
EP84A,EP84A,Enginetech Oil Pump Ford 351 Cleveland,2029.50,2029.99,+0.49
MMR-11118,MMR-11118,Mastodon SBF Valve Cover Bolt Set 289/302/351W,310.48,309.99,-0.49
MMR-3009,MMR-3009,"Mastodon Stand Alone Wire Harness, LS1 97-06 T56 D",3589.50,3589.99,+0.49
MMR-3806,MMR-3806,Mastodon Header Gasket For 65-90 Big Block Chevy 3,319.53,319.99,+0.46
MMR-3809,MMR-3809,Mastodon Header Gasket For 69-74 Small Block Ford,319.53,319.99,+0.46
KD-7115,KD-7115,"Akrapovic Exhaust Muffler Tip, Carbon Fiber, Round End",1450.45,1449.99,-0.46
LOK-KDP-2400HT,LOK-KDP-2400HT,Lokar Hi-Tech Chevy Carburetor TH400 Automatic,4110.43,4109.99,-0.44
MMR-13138,MMR-13138,Mastodon Chrome Window Crank Handle (Ford Truck),280.43,279.99,-0.44
MMR-26317-BK,MMR-26317-BK,"Mastodon Air Cleaner, Oval Half Finned Polished Al",1780.42,1779.99,-0.43
A-2268,A-2268,Anchor GMC Chevy Transmission Mount,169.57,169.99,+0.42
MMR-6121,MMR-6121,Mastodon SBC 2 Piece Rear Main Gasket set,1490.39,1489.99,-0.40
MMR-15008,MMR-15008,Mastodon Radiator Overflow Tank 3×10 Stainless Ste,599.59,599.99,+0.40
KD6078,KD6078,Kyostar Magnetic Oil Drain Plug,170.37,169.99,-0.38
MMR-02127,MMR-02127,"Mastodon Distributor Wire Harness, HEI, Connector",69.62,69.99,+0.37
MMR-4146,MMR-4146,Mastodon 3 inch Stainless Steel V-Band Flange Clamp,749.63,749.99,+0.36
MMR-25139,MMR-25139,Mastodon Polished Stainless Steel Engine Motor Mounts SBC/BB,1939.67,1939.99,+0.32
MMR-38022-BL,MMR-38022-BL,Mastodon Universal Spark Plug Wire Set 8mm 90 Degree,1939.67,1939.99,+0.32
MMR-02064-C,MMR-02064-C,Mastodon Chrome 7mm/8mm Spark Plug Wire Separators,70.31,69.99,-0.32
MMR-2561147046-STN,MMR-2561147046-STN,"Mastodon Intake Manifold, Dual Plane Alum, SBF 351",8370.29,8369.99,-0.30
ARP 154-0903,ARP 154-0903,ARP Bellhousing Bolt Kits,2669.70,2669.99,+0.29
MMR-MBP001,MMR-MBP001,Mastodon Manual Brake Pedal,1830.27,1829.99,-0.28
MMR-1571,MMR-1571,"Mastodon Cooling Fan, Mechanical, 6 Blades",1699.72,1699.99,+0.27
MMR-25103,MMR-25103,"Mastodon, 1 Single Groove Upper Pulley",890.20,889.99,-0.21
MMR-121805-ST,MMR-121805-ST,Mastodon Satin 9B Horn Button,750.20,749.99,-0.21
300-160,300-160,SBC Thermostat,210.20,209.99,-0.21
MMR-25128,MMR-25128,"Mastodon Transmission Band, 4L60E, 4L65E",580.18,579.99,-0.19
EP68,EP68,Enginetech Ford 289 302 Oil Pump,2430.17,2429.99,-0.18
MMR-43023-BK,MMR-43023-BK,Mastodon GM Old Blocks Transmission Mount Polyurethane,670.17,669.99,-0.18
MMR-49012,MMR-49012,Mastodon Ford SBF Fuel Pump,969.83,969.99,+0.16
MMR-59005,MMR-59005,Mastodon Universal Adjustable Prop Valve,969.83,969.99,+0.16
MMR-25098,MMR-25098,Mastodon Crankshaft Pulley 1-Groove LWP SBC Aluminium,969.83,969.99,+0.16
MMR-49013,MMR-49013,Mastodon Ford Mechanical Fuel Pump 6 PSI FE 352-42,969.83,969.99,+0.16
MMR-16032,MMR-16032,Mastodon Universal Adjustable Column Shift Linkage,969.83,969.99,+0.16
MMR-208,MMR-208,Transmission Dipstick Flexible SS SBC/BBC Mastodon,1080.15,1079.99,-0.16
MMR-50007,MMR-50007,Mastodon Ignition Coil,1199.84,1199.99,+0.15
MMR-58022,MMR-58022,Mastodon Overhaul Gasket FUll Set,1199.84,1199.99,+0.15
MMR-8440,MMR-8440,Mastodon Valve Cover Polished SBF 289-351W,3009.87,3009.99,+0.12
F302-4,F302-4,GASKET FORD 4.3L 260 4.7L 289 5.0L 302 OE UMB VSS,1740.10,1739.99,-0.11
MMR-LY-HL-001-X-BL,MMR-LY-HL-001-X-BL,Mastodon Black 7 inch LED Headlight,1159.88,1159.99,+0.11
MMR-SBC195EV,MMR-SBC195EV,SBC 195 Exhaust Valve Size 1.6 L 4.97 Stem 8.0mm,390.09,389.99,-0.10
MMR-8852,MMR-8852,Mastodon SBC Short Water Pump Upper Pulley Double,669.90,669.99,+0.09
PS35MR04,PS35MR04,"Rear View Mirror Parking Kit, 4.3″ TFT Mirror",3900.06,3899.99,-0.07
MMR-TH350-3-51405,MMR-TH350-3-51405,Mastodon TH350 GM Filler Tube Top Hat Seal,139.93,139.99,+0.06
MMR-150103,MMR-150103,Mastodon Racing Mini Starter SB/BB Chevy,3680.02,3679.99,-0.03
