SKU,Name
MMR-8591,Mastodon Short Shift Gear Lever Kit
MMR-5040-SR,"Mastodon Aluminum Billet Fuel Cell Cap, Silver"
MMR-5040-BK,"Mastodon Aluminum Billet Fuel Cell Cap, Black"
MMR-25128,"Mastodon Transmission Band, 4L60E, 4L65E"
MMR-3302,Mastodon Ignition Switch Panel Type B Carbon Fibre
MMR-3301,Mastodon Ignition Switch Panel Type A Carbon Fibre
MMR-11225,"Mastodon Mechanical Fuel Pump Eccentric Kit, SBF"
MMR-25005,Mastodon Alternator Bracket Kit
MMR-25030,Mastodon Pump Bracket
MMR-31068,Mastodon Column Mounted Blinker Turn Signal Switch
MMR-09052,Mastodon Air Cleaner Spacers 1 ” Aluminium
MMR-09051,Mastodon Air Cleaner Spacers 2″ Silver
MMR-3303,Mastodon Ignition Switch Panel Type C Carbon Fibre
MMR-25050,Mastodon Alternator Bracket For Long Water Pump
MMR-32024-B,"Mastodon Thermostat, 160 Degree, GM LS2, LS3, LS7 "
MMR-45018,Mastodon Universal Steering U Joint
MMR-11214,Mastodon Valve Cover Hold Downs Minitab 1-1/2″ 12P
BRG-114925,Borgeson Universal Steering U-Joints
BRG-014949,Borgeson Universal Steering U-Joints
AND SHIFT-2,Quicksilver Shifter
Z-8939B,Zeus Clips
MMR-25095,Mastodon SBC Billet Aluminium SWP Pulley
L817,"GM Chevy Hyd Flat Follower Lifter, EA"
MMR-32007,Mastodon SBC/BBC Polished Water neck 90 Deg Swivel
MMR-09057-BK,MastodonDistributorCap&RotorReplacement-Black- HEI
MMR-09057-R,MastodonDistributorCap&RotorReplacement- Red – HEI
MMR32057,Mastodon SB Chevy – BBC 160° Thermostat W/Gasket
MMR-PRAUD,"Mastodon Under Dash, 90 Deg, Brake Master / Booste"
MMR-38021-BK,"Mastodon Spark Plug Wire Set, Universal"
MMR-700C,Mastodon 7″ Vacuum Dual Power Brake Booster Chrome
NO.94,Prosport Universal Fuel Tank Float
SI-AT26194,"Door Mirrors, ROund Bowtie, Outside"
L900,Lifters (Ford)
MMR-41021,"Mastodon Tall Finned Aluminum Valve Covers,"
MMR-58089,Mastodon Valve Cover Gaskets Rubber w/ Steel Shim 
BC200J25,Enginetech Ford 289/302 Windsor Rod Bearing
MMR-25106,Mastodon Billet Aluminium Ford 351C Alternator Bra
MMR-009-BLK,Mastodon GM Transmission Mount
MMSMTA-24FT,RPM Signal Filter 24
MMR-28137,Mastodon Valve Seals SBC
MMR-8513P,Mastodon Steering Column
MMR-25013,Mastodon Polished Alternator Bracket For Long Wate
MMR-81009,Mastodon Steering Pump Remote Reservoir GM Type2-C
MMR-CM-34448,Mastodon 1947-54 Chevy Truck IFS Crossmember
MMR-CM-CT47541FS,Mastodon 1947-54Chevy Pickup Bolt-In IFS Front kit
MMR-CM-D11193,Mastodon 1949-54 Chevy Bolt-On Front End Crossmemb
MMR-CM-FT53561FS,Mastodon 1953-56 Ford F-100 IFS Crossmember
MMR-PF9-3.00,"Mastodon Ring & Pinion Set, Ford 9 Inch, 3.00"
MMR-PF9-3.70,"Mastodon Ring & Pinion Set, Ford 9 Inch, 3.70"
FT1502/10,Smoothie Classic Steel Wheel 15 x 10 ETO
MMR-26086,"Mastodon Plug Wire Separators, Linear, SBC, Chrome"
MMR-75073,Mastodon Ford Windsor Oil Pan
MMR-CM-FT57601FS,Mastodon 1957-60 Ford F-100 Pickup IFS Crossmember
MMR-PF9-3.50,"Mastodon Ring & Pinion Set, Ford 9 Inch, 3.50"
216 SWOT-BBB,Prosport Electrical Gauge Set 52mm Black Rim & Bla
MMR-67003,Mastodon 2 52mm Chrome Triple3Gauge Set Gauges Kit
MMR-75013,Mastodon Chevy LS Low Profile Oil Pan – Black
MMR-CM-34457,"Mastodon 1964-70 Ford Mustang Crossmember, Mustang"
TSC-7007B-1,32″ Tilt Steering Column Manual No Key Without Ada
UJ006,"U-Joint, 3/4-36 X 3/4″-Dd"
BEU-404-000.R12.-1,Air Flow Speed 3 32 Pass 4 Way Aluminium Coil
BLK2804STDSJ,"Engine Block, 283, 2 Bolt Main, Std"
KNDI-002,V8 Distributor
WHK-2100,21 Circuit Wiring harness Kit with 20″ headlight
300-160,SBC Thermostat
BLK3504STDSJ,"Engine Block, 350, 4 Bolt Main, Std"
BLK4002BLT040FB,"Engine Block 400, 2 Bolt Main, 040, Fresh Bore"
BLK4004BLT030STDSJ,"Engine Block, 400,4 bolt Main,030"
BLK460030,"Engine Block, Ford 460, 030. Block Only"
KD2020,K&N Apollo Closed Air Intake System Universal
KD6078,Kyostar Magnetic Oil Drain Plug
M011,Coyote Pulley Set
M192704455679,4 Steering Tie Rod Ends 1964-69 Plymouth Barracuda
MM6GSETESPR-CG-GPS,"6 Gauge Set Classic, Red Dial with White Needle"
MMR-25054,EngineSerpentineBracketAlternator&PowerSteeringPum
MMR-3001BL,Mastodon Universal Ignition Wire Set 8.5mm 90 Degr
PSM6GCC-RW,Prosport Mechanical Gauge Set 52mm Red Face & Chro
SSSH0003,Edelbrock Weber 4 Bar BBL Carb
WA6037B(C),"Prosport Performance Water Temperature Gauge, 60mm"
