SKU,Price
"AP-9040",28699.99
"EDL-7163",4029.99
"PCE305-1302",14699.99
"OS13881C-1",7099.99
"VS30055R",6719.99
"P1501-8-040",8879.99
"MMR-7000-A",6359.99
"MMR-7/16",5729.99
"PC-0012",5729.99
"AC-19418859",15179.99
"P1501-8-20",5179.99
"MMR-BH195",2299.99
"PCE147-1042",5669.99
"MMR-91602",6409.99
"MMR-85007",4979.99
"P1501-8-00",5179.99
"P1501-8-060",5179.99
"MMR-13233",2199.99
"P1534-8-020",5179.99
"ALT-211130W",2499.99
"MMR-5F02S",4669.99
"MMR-MMFPP-2",70729.99
"MMR-121199",779.99
"ARP 134-6002",6339.99
"HLY-302-16",3209.99
"MMR-121004",3439.99
"SC1810",19789.99
"MMR-121019",3439.99
"SC1808",18689.99
"MMR-121002-C",3759.99
"MMR-82017",3439.99
"MMR-3/8",179.99
"MMR-8607",4759.99
"MA-OS3020Y",819.99
"MMR-39041",779.99
"MMR-25-284967-1",1389.99
"MMR-89002",10789.99
"MMR-2806",4229.99
"MMR-TH400-GR",819.99
"MMR-8964-R",899.99
"MMR-5090-BK",1019.99
"MMR-5090-SR",1019.99
"MMR-5070-SR",1019.99
"MMR-300-160",779.99
"LOK-X 70-EHBF",2109.99
"MMR-36423",779.99
"MY-308",389.99
"FEL-1901",509.99
"MMR-8420-KIT",509.99
"MMR-8001-BK",2549.99
"MMR-38020-BK",779.99
"MMR-38021-R",779.99
"MMR-43011-Bk",1189.99
"MMR-58008-F",599.99
"MMR-8967-BK",649.99
"MMR-2853",119.99
"MMR-7601",779.99
"MMR-39038-C",779.99
"MMR-58009",339.99
"MMR-194",1199.99
"PK 49-1006",639.99
"MMR-38024",1669.99
"MMR-25012",1119.99
"BC296JSTD",859.99
"BB608J00",829.99
"BB608J10",829.99
"MMR-3273",219.99
"MMR-5581-BK",779.99
"BC296J040",649.99
"MMR-1076-SR",4679.99
"MMR-7145",479.99
"MMR-8520-BK",1039.99
"S55S1",589.99
"BC307 STD",789.99
"MMR-11216",219.99
"MMR-58063",249.99
"MMR-26086",469.99
"MMR-20050-R",429.99
"MMR-13265X",119.99
"MMR-PG-GC",119.99
"MMR-TH-400-G",119.99
"MMR-11366",119.99
"PCE261-1018",5729.99
"MMR-39037",439.99
"MMR-128503-200",799.99
"MMR-91015580",1499.99
"MMR-38026-BK",1049.99
"MMR-38026-BL",1049.99
"MMR-38020-R",1049.99
"MMR-38026-R",1049.99
"MMR-7090",329.99
"MMR-12035",479.99
"MMR-12032",479.99
"MMR-3901-H",5629.99
"MMR-GW-63",3979.99
"MMR-GW-76",3979.99
"MMR-25051",619.99
"MMR-25050",619.99
"MMR-25066",1069.99
"MMR-FRS204-BK",2489.99
"MMR-FRS204-C",2489.99
"L817",269.99
"CC400",579.99
"MMR-11225",439.99
"MMR-BCH",18769.99
"MMR-11103",149.99
"BB253JSTD",759.99
"MMR-38015",2379.99
"PSM6GCC-RW",3359.99
"Z-297",89.99
"Z-280",89.99
"CC-7832-16",1669.99
"MMR-58024-B",559.99
"238WRCVAPK-R(BAR)",3589.99
"BEU-404-000.R12.-1",1939.99
"MMR-11291",999.99
"MMR-11185",159.99
"BC240J010",1459.99
"MMR-9160",5319.99
"MMR-75025",5319.99
"MMR-LY-TL-002",599.99
"BB608J020",1409.99
"MMR-77001",1109.99
"V1650B",259.99
"MMR-31068",459.99
"PK-NWA11587B",5529.99
"BRG-014949",7839.99
"MMR-12371044",9609.99
"MMR-F351C",5809.99
"302-100",4489.99
"MMR-9193",5549.99
"MMR-58002",739.99
"MMR-45012",739.99
"MMR-25182-CR",739.99
"MMR-MC-026-C",2329.99
"MMR-6507",29.99
"MMR-39018-BK",619.99
"MMR-3252701-BK",7559.99
"MMR-293",1049.99
"MMR-191",1049.99
"AND SHIFT-2",9919.99
"MMR-58025",459.99
"MMR-09051",459.99
"KD-1610",199.99
"MMR-39032",569.99
"MMR-8360",4249.99
"MJE013-C",8309.99
"MMR-CA-5864",15639.99
"MMR-32010",389.99
"MMR-32022",359.99
"302-135",10499.99
"MMR-25048",3239.99
"MMR-91611285-BK",9039.99
"MMR-10053",919.99
"MMR-121804-B",729.99
"MMR-1108",4449.99
"MMR-75022",3719.99
"MMR-FO-036",11429.99
"MMR-20051-R",1659.99
"MMR-13091",1189.99
"MMR-45006",459.99
"BC307J10",979.99
"EDL-1711",2949.99
"MMR-WP-SBC-LA",3679.99
"BC306J10",979.99
"BC306J20",979.99
"BC306J40",979.99
"BC306J30",979.99
"MMR-11145",179.99
"MMR-11137",179.99
"SUM-1457800",3529.99
"MMR-3403-CR",3649.99
"ARP 200-2802",1889.99
"MMR-32010-BK",429.99
"MMR-32016",429.99
"MMR-065",279.99
"MMR-32024-B",269.99
"BB123J25",549.99
"BC293JSTD",779.99
"SI-AT82001",10329.99
"MMR-5840-SI",1279.99
"MMR-PS-315",1279.99
"MMR-43017",879.99
"MMR-1112-BK",6889.99
"C350LM-24",2699.99
"ARP 134-6003",3369.99
"MMR-38019-R",779.99
"MM6GSETESPBL-CG-GPS",6829.99
"MM6GSETESPR-CG-GPS",6829.99
"MMR-45033",769.99
"MMR-45034",769.99
"MMR-3045BK",319.99
"MMR-39023-C",289.99
"MMR-39020-BL",289.99
"MMR-39023-BL",289.99
"EP68HV",1279.99
"MMR-26085",1319.99
"MMR-32010-C",409.99
"MMR-32007",409.99
"MMR-25008",169.99
"R40058-STD",1219.99
"R40058-030",1219.99
"R40058-060",1219.99
"R40058-040",1219.99
"R40058-020",1219.99
"TSC-7007B-1",7299.99
"EDL-1720",3549.99
"MMR-6280-B",5309.99
"MMR-21079",189.99
"MMR-3099",1689.99
"MMR-58012",319.99
"BC307J30",1219.99
"C350-1",1559.99
"MMR-16695",229.99
"MOG-349",1689.99
"MOG-370",869.99
"MMR-6772",24649.99
"MMR-HEI-002",69.99
"MMR-59022-CR",2129.99
"MMR-25088",739.99
"BC296J010",1289.99
"BC296J020",1289.99
"MMR-9153",5079.99
"MMR-1004",699.99
"MMR-8593-P",2589.99
"MMR-3521",839.99
"RB-52670-1022Bk",57179.99
"ARP 154-6002",3399.99
"MMR-25091",1079.99
"MMR-45025",1079.99
"L900",1279.99
"MMR-1023-BK",7499.99
"MMR-15010",1009.99
"MMR-15011",1009.99
"MMR-25077",449.99
"MMR-58006-C",229.99
"216 SWOT-BBB",1209.99
"ALT-2654",3469.99
"BRG-114925",9539.99
"EDL-77780",9969.99
"MMR-200350",2309.99
"MMR-58042",879.99
"ALT-4456",3469.99
"SO144",339.99
"MMR-2931",5249.99
"ARP 234-2503",839.99
"MMR-7000-C",3099.99
"BB214 STD",989.99
"MM6GSETEVOBR",13409.99
"MMR-81002",3989.99
"MMR-38021-BL",949.99
"MMR-38020-BL",949.99
"MMR-38021-BK",949.99
"MMR-3814",149.99
"MMR-3813",149.99
"MMR-11361",189.99
"MMR-32030",239.99
"PK-NWA11593B",5369.99
"MMR-1626",109.99
"MMR-02069",99.99
"BB608J30",589.99
"BB608J40",589.99
"BB608J20",589.99
"MMR-49014",859.99
"EDL-7280",379.99
"HUS-3162014",11339.99
"MMR-12037",649.99
"MMR-25100",1019.99
"MMR-12036",649.99
"MMR-25025",649.99
"MMR-12033-BL",649.99
"MMR-12033",649.99
"MMR-12006",649.99
"MMR-12007",649.99
"MMR-AT39020-C",439.99
"NO.94",169.99
"MMR-1009-SL",3679.99
"MMR-7101",449.99
"ARP 134-2501",2269.99
"MMR-11135",289.99
"MMR-58011",259.99
"HLY-6-519-2",1379.99
"HLY-26-105",1009.99
"WA6037B(C)",2169.99
"MMSMTA-24FT",159.99
"MMR-LY-HL-001-X-CH",1109.99
"MMR-8513P",6519.99
"KD1150",3069.99
"EDL-4449",1389.99
"MMR-58005",319.99
"MMR-58004",319.99
"MMR-58006-R",319.99
"MMR-13137",319.99
"121807",319.99
"MMR-09057",519.99
"MMR-80842",12699.99
"ARP 129-0901",629.99
"MMR-38023",1989.99
"P1534-8-00",7949.99
"MMR-190",909.99
"CC-7502-16",5979.99
"CC-7693-16",5979.99
"P1526-8-0",4069.99
"P1526-8-20",4069.99
"P1526-8-30",4069.99
"P1526-8-40",4069.99
"P1526-8-60",4069.99
"MMR-25030",1069.99
"MMR-100106",3219.99
"MMR-25027",599.99
"MMR-3252701-RAW",5379.99
"TS163X",2439.99
"MMR-SBC-180-PRO",25519.99
"MMR-7702",3979.99
"MMR-8491-P",2459.99
"MMR-235012",5159.99
"MMR-9152",4979.99
"MMR-6066-NE",69.99
"MMR-1609ABK-2BK",1549.99
"MMR-25104",899.99
"EDL-4264",3879.99
"MMR-3303",1099.99
"216EVOFL-PK-R",2249.99
"MMR-09052",389.99
"LOK-KDP-2350HT",3089.99
"LOK-KDP-20C6HT",3089.99
"MMR-128582",909.99
"EDL-4603",1949.99
"MMR-3202",4329.99
"MMR-9588-C",1099.99
"MMR-25093",1489.99
"MMR-25039",1489.99
"MMR-43011",1489.99
"MMR-25106",1489.99
"MMR-8236",289.99
"MM6GSETESP-CG-GPS",8579.99
"20-854",1739.99
"CC440",729.99
"MMR-91611285-RAW",5919.99
"CR-15-751",1299.99
"GW-EW004-63",2389.99
"MMR-32006",599.99
"MMR-50011",809.99
"MMR-6118",4779.99
"MMR-6117",4779.99
"BC200J25",469.99
"MMR-75024",6659.99
"MMR-34042",289.99
"MMR-33015",289.99
"IS84A",219.99
"MMR-11076",259.99
"MMR-055",519.99
"MMR-076",519.99
"MMR-083",519.99
"MMR-081",519.99
"MMR-075",519.99
"F351W-7",1629.99
"MMR-BD-5560-",1749.99
"MMR-3186-BK",449.99
"MMR-48319",189.99
"MMR-48314",189.99
"EDL-5767",859.99
"ARP 134-3601",4559.99
"MMR-LY-BT-001B",359.99
"MMR-LY-BT-5.75 B",359.99
"MMR-1614ACR-3RD",2059.99
"TS430X",3119.99
"MMR-8859",839.99
"MMR-6061-A",1289.99
"MMR-6104-B",1289.99
"MMR-3905-H-BK",7309.99
"MMR-3904-H",7309.99
"MMR-3905-H-SL",7309.99
"MMR-58049-A",449.99
"MMR-4142",649.99
"PK10B",309.99
"MMR-11261",229.99
"MMR-11373",179.99
"MMR-7604",169.99
"MMR-9512",859.99
"MMR-36-43050",1439.99
"MMR-FSS-8001",6729.99
"MMR-206",329.99
"MMR-204",329.99
"MMR-105",329.99
"CC-7831-16",1619.99
"CC-7812-16",1619.99
"MMR-31921",14749.99
"BLK3504STDSJ",14199.99
"BLK4004BLT030STDSJ",14199.99
"MMR-8591",1389.99
"MMR-25099",1119.99
"MMR-8854",499.99
"MMR-9544-A",1429.99
"BC293J030",1429.99
"MMR-58023",1189.99
"MMR-49016",1189.99
"MMR-6181",3089.99
"MMR-2001",8069.99
"P1525-30",3449.99
"P1525-40",3449.99
"P1525-60",3449.99
"MMR-GW-007",7099.99
"TS358",579.99
"MMR-0132-S",7979.99
"MMR-11202",619.99
"MMR-11201",619.99
"MMR-PD-002-BLACK",2099.99
"MMR-235037",6139.99
"MMR-235009",6139.99
"BC296J030",849.99
"MMR-8442",2879.99
"KD2020",1019.99
"MMR-20047-BK",329.99
"MMR-20047-R",329.99
"MMR-HEI-060",129.99
"TSC-7007C-1",6979.99
"TSC-7005C-1",6979.99
"W-120-12069-BK",2809.99
"M192704455679",5039.99
"MMR-Q08",11429.99
"MMR-25081",1229.99
"MMR-811",1179.99
"MMR-225",909.99
"RAM-BU656",589.99
"MMR-73001",7109.99
"MMR-74026",7109.99
"MMR-3808",719.99
"LOK-KDP-2727HT",3149.99
"BB607J00",1209.99
"MMR-28149",389.99
"MMR-21074",389.99
"412SMTASWL270-PK",4939.99
"MMR-3802",449.99
"MMR-PF9-3.00",7239.99
"MMR-PF9-3.70",7239.99
"MMR-PF9-3.50",7239.99
"ARP 200-2902",1719.99
"MMR-45321",399.99
"MMR-4917000-BK",3009.99
"MMR-4917000-C",3009.99
"SCE-4219",1889.99
"MMR-28150",319.99
"MMR-58046-C",319.99
"MMR-39019-SS",549.99
"M011",32289.99
"MMR-25005",909.99
"MMR-150107",3679.99
"MMR-UJ002",719.99
"MMR-UJ005",719.99
"UJ006",719.99
"MMR-25026",579.99
"MMR-62003-B",579.99
"MMR-39015",579.99
"MMR-25095",579.99
"MMR-32017",629.99
"MMR-28137",239.99
"MMR-11369-BK",539.99
"Z-8939B",69.99
"TS358A",559.99
"MMR-LY-HL-002-X-CH",1329.99
"MMR-TH350-S",199.99
"MMR-45018",889.99
"AP-7600 KIT-RED",22379.99
"AP-7600 KIT-BK",22379.99
"MMR-45014",639.99
"MMR-22023-C",1549.99
"MMR-20092",149.99
"MMR-NR172/3",5489.99
"MMR-11371",369.99
"MMR-3902-BK",9299.99
"MMR-8850",559.99
"TSC-7003C-1",7689.99
"MMR-3902-SL",9299.99
"MMR-DL*890",549.99
"MMR-3906-SL",9299.99
"FRA-203",2239.99
"MMR-3904-SL",9299.99
"EP83",3439.99
"MMR-39038",409.99
"MMR-COVER",119.99
"BC240 STD",699.99
"MMR-47026",349.99
"MMR-47025",349.99
"MMR-58046-R",349.99
"MMR-SBC195IV",409.99
"MMR-SBC180EV",409.99
"MMR-SBC180IV",409.99
"MMR-1112-P",6889.99
"P1534-8-060",7789.99
"BB214J010",1079.99
"MMR-5040-SR",1219.99
"MMR-5040-BK",1219.99
"MMR-5044",1219.99
"BLK2804STDSJ",7299.99
"98412",4999.99
"MMR-3257564",11119.99
"MMR-28129",229.99
"MMR-32024",229.99
"MMR-28130",229.99
"MMR-SP010-BL-SL",409.99
"MMR-25138",1229.99
"MMR-25007",259.99
"P1534-8-040",9309.99
"MMR-0S01280-SR",8519.99
"MMR-049-302",2419.99
"MMR-049-351",2419.99
"FEL-1211",1019.99
"MMR-BBC-315-PRO",39199.99
"MMR-25024",539.99
"37968",459.99
"MMR-02065BK",59.99
"A-2257",1219.99
"BC115J STD",839.99
"BC115J25",839.99
"PK9B",589.99
"CC448",589.99
"MMR-PW-810",2759.99
"MMR-6002-A",1229.99
"MMR-3016",779.99
"MMR-3001BL",1149.99
"MMR-11372",259.99
"ARP 135-3707",5419.99
"KNDI-002",1639.99
"MMR-11350",469.99
"MMR-9190",4779.99
"BB607J020",599.99
"BB607J030",599.99
"BB607J10",599.99
"125-25",509.99
"MMR-Coil-Lu",37489.99
"MMR-SBF-001",9039.99
"MMR-7379",23369.99
"MMR-11360",199.99
"MMR-11363",199.99
"MMR-11144-B",199.99
"MMR-121810",339.99
"MMR-62010",1639.99
"SI-AT26194",2129.99
"BC293J020",1279.99
"MMR-8247-BK",3769.99
"MMR-DL-870",609.99
"MMR-36050678",9809.99
"MMR-8247",3769.99
"MMR-SBF-185-PRO",31849.99
"MMR-91611285-STN",8159.99
"MMR-72028",6789.99
"MMR-LY-7-2G-004",1339.99
"MMR-7007",2309.99
"BB214J020",1069.99
"MMR-11092",129.99
"MMR-4434",409.99
"SUM-66256",639.99
"MMR-38006",679.99
"MMR-38005",679.99
"MMR-75009",3479.99
"MMR-3302",1009.99
"MMR-15007",569.99
"MMR-15006",569.99
"ASF-52",69.99
"EDL-4446",1479.99
"MMR-34743",209.99
"MMR-GW-030",5359.99
"MMR-11131",489.99
"MMR-7489",289.99
"MMR-5124-B",659.99
"MMR-51244-B",659.99
"MMR-51245-R",659.99
"MMR-51046-B",659.99
"MMR-51046-R",659.99
"MMR-51244-R",659.99
"MMR-11370",289.99
"MMR-11077",199.99
"MMR-GW-033",6289.99
"MMR-SBC 195-PRO",30509.99
"MMR-6081",149.99
"MMR-PRAUD",6189.99
"MMR-32008-BL",319.99
"MMR-UDB-090",6189.99
"MMR-8967",279.99
"MMR-39039",429.99
"FT1502/10",3819.99
"MMR-3102",2239.99
"MMR-3301",919.99
"MMR-43025",1099.99
"MMR-25013",789.99
"AP-7600",25939.99
"MMR-50018",489.99
"MMR-13690",799.99
"EDL-7589",2639.99
"MMR-75026",6029.99
"MMR-11369",489.99
"KD2018",339.99
"MMR-1009-BK",2319.99
"BB253J030",669.99
"MMR-UJ-3/4",939.99
"BLK4002BLT040FB",12169.99
"BLK460030",12169.99
"WHK-2100",4119.99
"MMR-FO-007",5389.99
"MMR-26422",179.99
"P1501-8-030",2909.99
"MMR-28082",429.99
"MMR-39018",429.99
"MMR-11214",179.99
"KNDI-505",2499.99
"MMR-20047-BL",349.99
"MMR-25107",839.99
"MMR-25096",839.99
"EP84A",2029.99
"MMR-11118",309.99
"MMR-3009",3589.99
"MMR-3806",319.99
"MMR-3809",319.99
"KD-7115",1449.99
"LOK-KDP-2400HT",4109.99
"MMR-13138",279.99
"MMR-26317-BK",1779.99
"A-2268",169.99
"MMR-6121",1489.99
"MMR-15008",599.99
"KD6078",169.99
"MMR-02127",69.99
"MMR-4146",749.99
"MMR-25139",1939.99
"MMR-38022-BL",1939.99
"MMR-02064-C",69.99
"MMR-2561147046-STN",8369.99
"ARP 154-0903",2669.99
"MMR-MBP001",1829.99
"MMR-1571",1699.99
"MMR-25103",889.99
"MMR-121805-ST",749.99
"300-160",209.99
"MMR-25128",579.99
"EP68",2429.99
"MMR-43023-BK",669.99
"MMR-49012",969.99
"MMR-59005",969.99
"MMR-25098",969.99
"MMR-49013",969.99
"MMR-16032",969.99
"MMR-208",1079.99
"MMR-50007",1199.99
"MMR-58022",1199.99
"MMR-8440",3009.99
"F302-4",1739.99
"MMR-LY-HL-001-X-BL",1159.99
"MMR-SBC195EV",389.99
"MMR-8852",669.99
"PS35MR04",3899.99
"MMR-TH350-3-51405",139.99
"MMR-150103",3679.99
"128501-300",919.99
"MMR-3077",3999.99